{

  "32024":"https://kodiwind.com/hw/build_artwork/morbius/fanart.jpg",
  "32025":"https://kodiwind.com/hw/build_artwork/morbius/fanart.jpg",
  "32026":"https://kodiwind.com/hw/build_artwork/morbius/fanart.jpg",
  "32027":"https://kodiwind.com/hw/build_artwork/morbius/fanart.jpg",
  "32020":"https://kodiwind.com/hw/build_artwork/morbius/fanart.jpg",
  "32021":"https://kodiwind.com/hw/build_artwork/morbius/fanart.jpg",
  "32022":"https://kodiwind.com/hw/build_artwork/morbius/fanart.jpg",
  "32028":"https://kodiwind.com/hw/build_artwork/morbius/fanart.jpg",
  "32029":"https://kodiwind.com/hw/build_artwork/morbius/fanart.jpg",
  "32030":"https://kodiwind.com/hw/build_artwork/morbius/fanart.jpg",
  "32031":"https://kodiwind.com/hw/build_artwork/morbius/fanart.jpg",
  "32032":"https://kodiwind.com/hw/build_artwork/morbius/fanart.jpg",
  "32033":"https://kodiwind.com/hw/build_artwork/morbius/fanart.jpg",
  "32034":"https://kodiwind.com/hw/build_artwork/morbius/fanart.jpg",
  "32309":"https://kodiwind.com/hw/build_artwork/morbius/fanart.jpg",
  "32295":"https://kodiwind.com/hw/build_artwork/morbius/fanart.jpg",
  "32036":"https://kodiwind.com/hw/build_artwork/morbius/fanart.jpg",
  "32037":"https://kodiwind.com/hw/build_artwork/morbius/fanart.jpg",
  "32038":"https://kodiwind.com/hw/build_artwork/morbius/fanart.jpg",
  "32039":"https://kodiwind.com/hw/build_artwork/morbius/fanart.jpg",
  "32040":"https://kodiwind.com/hw/build_artwork/morbius/fanart.jpg",
  "32041":"https://kodiwind.com/hw/build_artwork/morbius/fanart.jpg",
  "32042":"https://kodiwind.com/hw/build_artwork/morbius/fanart.jpg",
  "32043":"https://kodiwind.com/hw/build_artwork/morbius/fanart.jpg",
  "32044":"https://kodiwind.com/hw/build_artwork/morbius/fanart.jpg",
  "32045":"https://kodiwind.com/hw/build_artwork/morbius/fanart.jpg",
  "32046":"https://kodiwind.com/hw/build_artwork/morbius/fanart.jpg",
  "32047":"https://kodiwind.com/hw/build_artwork/morbius/fanart.jpg",
  "32023":"https://kodiwind.com/hw/build_artwork/morbius/fanart.jpg",
  "32012":"https://kodiwind.com/hw/build_artwork/morbius/fanart.jpg",
  "32013":"https://kodiwind.com/hw/build_artwork/morbius/fanart.jpg",
  "32014":"https://kodiwind.com/hw/build_artwork/morbius/fanart.jpg",
  "32015":"https://kodiwind.com/hw/build_artwork/morbius/fanart.jpg",
  "32016":"https://kodiwind.com/hw/build_artwork/morbius/fanart.jpg",
  "32017":"https://kodiwind.com/hw/build_artwork/morbius/fanart.jpg",
  "32018":"https://kodiwind.com/hw/build_artwork/morbius/fanart.jpg",
  "32019":"https://kodiwind.com/hw/build_artwork/morbius/fanart.jpg",
  "32313":"https://kodiwind.com/hw/build_artwork/morbius/fanart.jpg"
 
  

}