<?xml version="1.0" encoding="UTF-8" standalone="yes"?>
<addon id="repository.nexus" name="Nexus Repo" version="3.0.4" provider-name="The Hood">
    <extension point="xbmc.addon.repository" name="Nexus Repo">
        <dir>
            <info compressed="false">https://raw.githubusercontent.com/kodiwind/nexus/main/repo/zips/addons.xml</info>
            <checksum>https://raw.githubusercontent.com/kodiwind/nexus/main/repo/zips/addons.xml.md5</checksum>
            <datadir zip="true">https://raw.githubusercontent.com/kodiwind/nexus/main/repo/zips/</datadir>
        </dir>

        <dir>
            <info compressed="false">https://raw.githubusercontent.com/hyperionwiz/nex2us/main/repo/zips/addons.xml</info>
            <checksum>https://raw.githubusercontent.com/hyperionwiz/nex2us/main/repo/zips/addons.xml.md5</checksum>
            <datadir zip="true">https://raw.githubusercontent.com/hyperionwiz/nex2us/main/repo/zips/</datadir>
        </dir>
		
		<dir>
			<info compressed="false">https://raw.githubusercontent.com/teamuniversal/scrapers/master/_modules4all/zips/addons.xml</info>
			<checksum>https://raw.githubusercontent.com/teamuniversal/scrapers/master/_modules4all/zips/addons.xml.md5</checksum>
			<datadir zip="true">https://raw.githubusercontent.com/teamuniversal/scrapers/master/_modules4all/zips/</datadir>
		</dir>
		
		<dir>
        <info compressed="false">https://raw.githubusercontent.com/Gujal00/smrzips/master/addons.xml</info>
        <checksum>https://raw.githubusercontent.com/Gujal00/smrzips/master/addons.xml.md5</checksum>
        <datadir zip="true">https://raw.githubusercontent.com/Gujal00/smrzips/master/zips/</datadir>
        </dir>
				        
        <dir>
            <info compressed="false">https://raw.githubusercontent.com/jenaddon/repository.jenrepo/master/zips/addons.xml</info>
            <checksum>https://raw.githubusercontent.com/jenaddon/repository.jenrepo/master/zips/addons.xml.md5</checksum>
            <datadir zip="true">https://raw.githubusercontent.com/jenaddon/repository.jenrepo/master/zips/</datadir>
            <hashes>false</hashes>
        </dir>
	
		<dir>
			<info compressed="false">https://raw.githubusercontent.com/totalrevolution/python-koding/master/zips/addons.xml</info>
			<checksum>https://raw.githubusercontent.com/totalrevolution/python-koding/master/zips/addons.xml.md5</checksum>
			<datadir zip="true">https://raw.githubusercontent.com/totalrevolution/python-koding/master/zips/</datadir>
		</dir>

        <dir minversion="18.9.701" maxversion="19.5">
            <info compressed="false">https://raw.githubusercontent.com/umbrellaplug/umbrellaplug.github.io/master/matrix/zips/addons.xml</info>
            <checksum>https://raw.githubusercontent.com/umbrellaplug/umbrellaplug.github.io/master/matrix/zips/addons.xml.md5</checksum>
            <datadir zip="true">https://raw.githubusercontent.com/umbrellaplug/umbrellaplug.github.io/master/matrix/zips/</datadir>
        </dir>
	<dir minversion="19.8.0">
            <info compressed="false">https://raw.githubusercontent.com/umbrellaplug/umbrellaplug.github.io/master/nexus/zips/addons.xml</info>
            <checksum>https://raw.githubusercontent.com/umbrellaplug/umbrellaplug.github.io/master/nexus/zips/addons.xml.md5</checksum>
            <datadir zip="true">https://raw.githubusercontent.com/umbrellaplug/umbrellaplug.github.io/master/nexus/zips/</datadir>
        </dir>
        <dir>
            <info compressed="false">https://raw.githubusercontent.com/CocoJoe2411/repository.cocoscrapers/master/zips/addons.xml</info>
            <checksum>https://raw.githubusercontent.com/CocoJoe2411/repository.cocoscrapers/master/zips/addons.xml.md5</checksum>
            <datadir zip="true">https://raw.githubusercontent.com/CocoJoe2411/repository.cocoscrapers/master/zips/</datadir>
        </dir>
		
    </extension>
    <extension point="xbmc.addon.metadata">
        <summary>Nexus Repo</summary>
        <description>You can find all the latest addons, builds and tools from the Hood in one repo.</description>
        <disclaimer></disclaimer>
        <platform>all</platform>
        <assets>
            <icon>icon.png</icon>
            <fanart>fanart.jpg</fanart>
        </assets>
    </extension>
</addon>