<?xml version="1.0" encoding="UTF-8" standalone="yes"?>
<addon id="plugin.video.morbius"                                                                                                                                    
	   name="Morbius"                                                 
	   version="3.4.9a"                                                                                                                                        
	   provider-name="The Hood">
  <requires>
	
  </requires>
  <extension point="xbmc.python.pluginsource"
            library="default.py">
        <provides>video</provides>
  </extension>
  <extension library="resources/modules/" point="xbmc.python.module" />
  <extension library="resources/sources/" point="xbmc.python.module" />
  <extension library="resources/" point="xbmc.python.module" />
  <extension point="xbmc.addon.metadata">
	<reuselanguageinvoker>true</reuselanguageinvoker>
    <summary lang="en">The best and latest Movies and TV Shows from around the net</summary>
    <description lang="en">Morbius states the media is as fast as possible</description>
	
    <platform>all</platform>
	<assets>
            <icon>icon.png</icon>
			<icon>icon2.png</icon>			
            <fanart>fanart.jpg</fanart>
    </assets>
  </extension>
  
</addon>
