<?xml version="1.0" encoding="UTF-8"?>
<window id="1114" type="dialog">
	<defaultcontrol always="true">90200</defaultcontrol>
	<coordinates>
		<system>1</system>
		<left>199</left>
		<top>210</top>
	</coordinates>
	<include>DialogOpenCloseAnimation</include>
	<controls>
		<control type="group">
			<visible>!Window.IsVisible(1129)</visible>
			<animation effect="fade" time="250">Visible</animation>
			<animation effect="fade" time="150">Hidden</animation>
			<control type="image">
				<width>1522</width>
				<height>660</height>
				<texture border="40">dialogs/default/bg.png</texture>
			</control>
			<control type="label" id="2">
				<left>30</left>
				<top>32</top>
				<width>1462</width>
				<height>40</height>
				<font>font15_title</font>
				<label>$LOCALIZE[12003]</label>
				<align>center</align>
				<textcolor>dialogheader</textcolor>
			</control>
			<control type="grouplist" id="90200">
				<left>33</left>
				<top>88</top>
				<width>1452</width>
				<height>540</height>
				<pagecontrol>6</pagecontrol>
				<onup>90200</onup>
				<ondown>90200</ondown>
				<onleft>6</onleft>
				<onright>6</onright>
				<control type="radiobutton" id="90201">
					<width>1452</width>
					<radioposx>1350</radioposx>
					<label>$LOCALIZE[31487]</label>
					<onclick>Skin.ToggleSetting(MoreVideoInfoDetails)</onclick>
					<selected>Skin.HasSetting(MoreVideoInfoDetails)</selected>
					<visible>!Window.IsActive(musicinformation)</visible>
				</control>
				<control type="radiobutton" id="90202">
					<width>1452</width>
					<radioposx>1350</radioposx>
					<label>$LOCALIZE[31494]</label>
					<onclick>Skin.ToggleSetting(Disable.VideoInfoPathDetails)</onclick>
					<selected>Skin.HasSetting(Disable.VideoInfoPathDetails)</selected>
					<visible>!Window.IsActive(musicinformation)</visible>
				</control>
				<control type="button" id="90203">
					<width>1452</width>
					<label>$LOCALIZE[31931]</label>
					<label2>[COLOR $VAR[ThemeLabelColor]]$VAR[VideoPlotLocalizeVar][/COLOR]</label2>
					<onclick>Skin.ToggleSetting(VideoInfoPlotToggle)</onclick>
					<visible>!Window.IsActive(musicinformation)</visible>
				</control>
				<control type="radiobutton" id="90211">
					<width>1452</width>
					<radioposx>1350</radioposx>
					<label>$LOCALIZE[31541]</label>
					<onclick>Skin.ToggleSetting(SetInfoPlotToggle)</onclick>
					<selected>!Skin.HasSetting(SetInfoPlotToggle)</selected>
					<visible>System.HasAddon(script.skin.info.service) + !Window.IsActive(musicinformation)</visible>
				</control>
				<control type="button" id="90204">
					<width>1452</width>
					<label>$LOCALIZE[31990]</label>
					<label2>[COLOR $VAR[ThemeLabelColor]]$VAR[CinemaVisionButtonLabelVar][/COLOR]</label2>
					<onclick>$VAR[CinemaVisionButtonOnClickVar]</onclick>
					<visible>System.HasAddon(script.cinemavision)</visible>
					<visible>!Window.IsActive(musicinformation)</visible>
				</control>
				<control type="radiobutton" id="90205">
					<width>1452</width>
					<radioposx>1350</radioposx>
					<onclick>Skin.ToggleSetting(Enable.ExtendedInfoIntergration)</onclick>
					<onclick>Dialog.Close(1119)</onclick>
					<onclick>Dialog.Close(movieinformation)</onclick>
					<selected>Skin.HasSetting(Enable.ExtendedInfoIntergration)</selected>
					<label>$LOCALIZE[31127] ($LOCALIZE[342])</label>
					<visible>System.HasAddon(script.embuary.helper)</visible>
					<visible>!Window.IsActive(musicinformation)</visible>
				</control>
				<control type="radiobutton" id="90206">
					<width>1452</width>
					<radioposx>1350</radioposx>
					<onclick>Skin.ToggleSetting(Enable.ExtendedInfoTVIntergration)</onclick>
					<onclick>Dialog.Close(1119)</onclick>
					<onclick>Dialog.Close(movieinformation)</onclick>
					<selected>Skin.HasSetting(Enable.ExtendedInfoTVIntergration)</selected>
					<label>$LOCALIZE[31127] ($LOCALIZE[20343])</label>
					<visible>System.HasAddon(script.embuary.helper)</visible>
					<visible>!Window.IsActive(musicinformation)</visible>
				</control>
				<control type="button" id="90207">
					<width>1452</width>
					<label>$LOCALIZE[31442]</label>
					<label2>[COLOR $VAR[ThemeLabelColor]]$VAR[DialogInfoDimmerLabelVar][/COLOR]</label2>
					<onclick>SetProperty(CustomSelectDialogInfoDimmer,True)</onclick>
					<onclick>ActivateWindow(1129)</onclick>
					<visible>!Skin.HasSetting(Enable.BlurredVideoInfo)</visible>
				</control>
				<control type="radiobutton" id="90208">
					<width>1452</width>
					<radioposx>1350</radioposx>
					<onclick condition="System.HasAddon(script.embuary.helper) + !Skin.HasSetting(Enable.BlurredVideoInfo)">Dialog.Close(1119)</onclick>
					<onclick condition="System.HasAddon(script.embuary.helper) + !Skin.HasSetting(Enable.BlurredVideoInfo) + !Window.IsActive(musicinformation)">Dialog.Close(movieinformation)</onclick>
					<onclick condition="System.HasAddon(script.embuary.helper) + !Skin.HasSetting(Enable.BlurredVideoInfo) + Window.IsActive(music) + !String.IsEqual(ListItem.DBTYPE,song)">Dialog.Close(musicinformation)</onclick>
					<onclick condition="System.HasAddon(script.embuary.helper) + !Skin.HasSetting(Enable.BlurredVideoInfo) + Window.IsActive(music) + String.IsEqual(ListItem.DBTYPE,song)">Dialog.Close(songinformation)</onclick>
					<onclick condition="System.HasAddon(script.embuary.helper)">Skin.ToggleSetting(Enable.BlurredVideoInfo)</onclick>
					<onclick condition="!System.HasAddon(script.embuary.helper)">InstallAddon(script.embuary.helper)</onclick>
					<selected>Skin.HasSetting(Enable.BlurredVideoInfo)</selected>
					<label>$LOCALIZE[31174]</label>
				</control>
				<control type="radiobutton" id="90209">
					<width>1452</width>
					<radioposx>1350</radioposx>
					<onclick>Skin.ToggleSetting(discartoninfo)</onclick>
					<selected>Skin.HasSetting(discartoninfo)</selected>
					<label>$LOCALIZE[31601]</label>
					<visible>!Window.IsActive(musicinformation)</visible>
				</control>
				<control type="radiobutton" id="90210">
					<width>1452</width>
					<radioposx>1350</radioposx>
					<onclick>Skin.ToggleSetting(CharacterOnInfo)</onclick>
					<selected>Skin.HasSetting(CharacterOnInfo)</selected>
					<label>$LOCALIZE[31507]</label>
					<visible>!Window.IsActive(musicinformation)</visible>
				</control>
			</control>
			<control type="scrollbar" id="6">
				<left>1480</left>
				<top>88</top>
				<width>8</width>
				<height>540</height>
				<texturesliderbackground />
				<texturesliderbar colordiffuse="80FFFFFF" border="1">scrollbar/texturesliderbar2.png</texturesliderbar>
				<texturesliderbarfocus border="1">scrollbar/texturesliderbar2.png</texturesliderbarfocus>
				<onleft>90200</onleft>
				<onright>90200</onright>
				<showonepage>false</showonepage>
			</control>
		</control>
	</controls>
</window>