<?xml version="1.0" encoding="UTF-8"?>
<window>
	<onload>SetFocus(90000)</onload>
	<controls>
		<control type="list" id="10051">
			<include>HiddenList</include>
		</control>
		<!-- Poster Side -->
		<control type="group">
			<animation effect="slide" start="-730,0" end="0,0" time="320" tween="quadratic" condition="!Skin.HasSetting(Enable.BlurredVideoInfo)">WindowOpen</animation>
			<animation effect="slide" start="-730,0" end="0,0" delay="250" time="320" tween="quadratic" condition="Skin.HasSetting(Enable.BlurredVideoInfo)">WindowOpen</animation>
			<animation effect="slide" end="-730,0" time="500" tween="quadratic">WindowClose</animation>
			<width>720</width>
			<height>100%</height>
			<control type="image">
				<texture>black.png</texture>
			</control>
			<control type="image">
				<aspectratio>scale</aspectratio>
				<fadetime>IconCrossfadeTime</fadetime>
				<texture background="true">$VAR[EmbuaryInfoPosterVar]</texture>
			</control>
		</control>
		<!-- Details Side -->
		<control type="group">
			<animation effect="slide" start="1210,0" end="0,0" time="320" tween="quadratic" condition="!Skin.HasSetting(Enable.BlurredVideoInfo)">WindowOpen</animation>
			<animation effect="slide" start="1210,0" end="0,0" delay="250" time="320" tween="quadratic" condition="Skin.HasSetting(Enable.BlurredVideoInfo)">WindowOpen</animation>
			<animation effect="slide" end="1210,0" time="500" tween="quadratic">WindowClose</animation>
			<left>720</left>
			<control type="group">
				<width>1200</width>
				<!-- Background -->
				<control type="group">
					<height>100%</height>
					<control type="image">
						<texture>black.png</texture>
					</control>
					<control type="image">
						<aspectratio align="center">scale</aspectratio>
						<texture>dialogs/embuary_info/bg.jpg</texture>
					</control>
				</control>
				<!-- Top Section -->
				<control type="group">
					<left>10</left>
					<!-- Main Label/Sublabel -->
					<control type="grouplist">
						<top>-30</top>
						<width>1200</width>
						<height>140</height>
						<align>center</align>
						<control type="label">
							<height>65</height>
							<width>1180</width>
							<font>font30_title_bold</font>
							<textcolor>grey</textcolor>
							<scroll>true</scroll>
							<label>$INFO[Container(10051).ListItem.Label]</label>
						</control>
						<control type="fadelabel">
							<width>1180</width>
							<height>30</height>
							<align>left</align>
							<aligny>center</aligny>
							<font>font15</font>
							<textcolor>$VAR[ThemeLabelColor]</textcolor>
							<scroll>true</scroll>
							<scrollout>false</scrollout>
							<pauseatend>4500</pauseatend>
							<label>$INFO[Container(10051).ListItem.Tagline]</label>
							<label>$INFO[Container(10051).ListItem.Property(awards)]</label>
							<label>$INFO[Container(10051).ListItem.OriginalTitle]</label>
							<visible>!String.IsEmpty(Container(10051).ListItem.OriginalTitle) + !String.IsEqual(Container(10051).ListItem.OriginalTitle,Container(10051).ListItem.Title)</visible>
						</control>
						<control type="fadelabel">
							<width>1180</width>
							<height>30</height>
							<align>left</align>
							<aligny>center</aligny>
							<font>font15</font>
							<textcolor>$VAR[ThemeLabelColor]</textcolor>
							<scroll>true</scroll>
							<scrollout>false</scrollout>
							<pauseatend>4500</pauseatend>
							<label>$INFO[Container(10051).ListItem.Tagline]</label>
							<label>$INFO[Container(10051).ListItem.Property(awards)]</label>
							<visible>!String.IsEmpty(Container(10051).ListItem.Property(awards))</visible>
						</control>
						<control type="label">
							<width>1180</width>
							<height>30</height>
							<font>font15</font>
							<textcolor>$VAR[ThemeLabelColor]</textcolor>
							<label>$INFO[Container(10051).ListItem.Tagline]</label>
							<visible>String.IsEmpty(Container(10051).ListItem.Property(awards)) + [String.IsEmpty(Container(10051).ListItem.OriginalTitle) | String.IsEqual(Container(10051).ListItem.OriginalTitle,Container(10051).ListItem.Title)]</visible>
						</control>
					</control>
					<control type="label">
						<left>1065</left>
						<width>120</width>
						<height>65</height>
						<align>right</align>
						<font>font_kodiversion</font>
						<textcolor>grey</textcolor>
						<label>$INFO[Container(10051).ListItem.Year,(,)]</label>
					</control>
					<!-- Separator -->
					<control type="image">
						<left>-7</left>
						<top>105</top>
						<height>1</height>
						<texture colordiffuse="$VAR[ThemeLabelColor]">separator_horizontal.png</texture>
					</control>
					<!-- Runtime/Ratings Bar -->
					<control type="grouplist">
						<top>103</top>
						<width>1200</width>
						<height>100</height>
						<orientation>horizontal</orientation>
						<usecontrolcoords>true</usecontrolcoords>
						<itemgap>20</itemgap>
						<!-- Minute Duration -->
						<control type="group">
							<visible>!String.IsEmpty(Container(10051).ListItem.Duration) + !Skin.HasSetting(Enable.HourMinuteDuration)</visible>
							<width>155</width>
							<height>100</height>
							<control type="label">
								<width>auto</width>
								<height>60</height>
								<align>center</align>
								<label>$INFO[Container(10051).ListItem.Duration(mins)]</label>
								<font>font48_bold</font>
								<textcolor>grey</textcolor>
							</control>
							<control type="label">
								<top>50</top>
								<width>auto</width>
								<height>40</height>
								<align>center</align>
								<label>[LOWERCASE]$LOCALIZE[12391][/LOWERCASE]</label>
								<font>font12</font>
								<textcolor>grey</textcolor>
							</control>
						</control>
						<!-- Hour/Minute Duration -->
						<control type="label">
							<width min="80" max="155">auto</width>
							<height>90</height>
							<font>font52_bold</font>
							<textcolor>grey</textcolor>
							<label>$VAR[MinsToHourDurationVar]</label>
							<visible>Skin.HasSetting(Enable.HourMinuteDuration) + !String.IsEmpty(Container(10051).ListItem.Duration)</visible>
						</control>
						<control type="image">
							<width>130</width>
							<include>MediaFlagValues</include>
							<texture fallback="flags/default/mpaa/NR.png">$VAR[MediaFlagsPathVar]/mpaa/$VAR[EmbuaryInfoRatingFlagVar]</texture>
						</control>
						<!-- TheMovieDB/IMDb/RottenTomatoes/Metacritic Ratings -->
						<control type="grouplist">
							<left>20</left>
							<width>925</width>
							<orientation>horizontal</orientation>
							<itemgap>30</itemgap>
							<control type="grouplist">
								<visible>!String.IsEmpty(Container(10051).ListItem.Rating)</visible>
								<width>250</width>
								<orientation>horizontal</orientation>
								<usecontrolcoords>true</usecontrolcoords>
								<itemgap>5</itemgap>
								<control type="image">
									<top>-4</top>
									<width>150</width>
									<height>100</height>
									<aspectratio>keep</aspectratio>
									<colordiffuse>grey</colordiffuse>
									<texture>logos/tmdb-logo2.png</texture>
								</control>
								<control type="label">
									<width>auto</width>
									<height>90</height>
									<align>center</align>
									<font>font48_bold</font>
									<textcolor>grey</textcolor>
									<label>$INFO[Container(10051).ListItem.Rating]</label>
								</control>
							</control>
							<control type="grouplist">
								<visible>!String.IsEmpty(Container(10051).ListItem.Property(rating.imdb))</visible>
								<width>190</width>
								<orientation>horizontal</orientation>
								<usecontrolcoords>true</usecontrolcoords>
								<itemgap>5</itemgap>
								<control type="image">
									<top>-4</top>
									<width>84</width>
									<height>100</height>
									<aspectratio>keep</aspectratio>
									<colordiffuse>grey</colordiffuse>
									<texture>logos/imdb.png</texture>
								</control>
								<control type="label">
									<width>auto</width>
									<height>90</height>
									<align>center</align>
									<font>font48_bold</font>
									<textcolor>grey</textcolor>
									<label>$INFO[Container(10051).ListItem.Property(rating.imdb)]</label>
								</control>
							</control>
							<control type="grouplist">
								<visible>!String.IsEmpty(Container(10051).ListItem.Property(rating.rotten))</visible>
								<width>140</width>
								<orientation>horizontal</orientation>
								<usecontrolcoords>true</usecontrolcoords>
								<itemgap>5</itemgap>
								<control type="image">
									<top>-4</top>
									<width>60</width>
									<height>100</height>
									<aspectratio>keep</aspectratio>
									<colordiffuse>grey</colordiffuse>
									<texture>logos/rottentomatoes/certified.png</texture>
									<visible>Integer.IsGreaterOrEqual(Container(10051).ListItem.Property(rating.rotten),75)</visible>
								</control>
								<control type="image">
									<top>-4</top>
									<width>60</width>
									<height>100</height>
									<aspectratio>keep</aspectratio>
									<colordiffuse>grey</colordiffuse>
									<texture>logos/rottentomatoes/fresh.png</texture>
									<visible>Integer.IsLess(Container(10051).ListItem.Property(rating.rotten),75) + Integer.IsGreaterOrEqual(Container(10051).ListItem.Property(rating.rotten),60)</visible>
								</control>
								<control type="image">
									<top>-4</top>
									<width>60</width>
									<height>100</height>
									<aspectratio>keep</aspectratio>
									<colordiffuse>grey</colordiffuse>
									<texture>logos/rottentomatoes/rotten.png</texture>
									<visible>Integer.IsLess(Container(10051).ListItem.Property(rating.rotten),60)</visible>
								</control>
								<control type="label">
									<height>90</height>
									<width>auto</width>
									<font>font48_bold</font>
									<textcolor>grey</textcolor>
									<label>$INFO[Container(10051).ListItem.Property(rating.rotten)]</label>
								</control>
							</control>
							<control type="grouplist">
								<visible>!String.IsEmpty(Container(10051).ListItem.Property(rating.metacritic))</visible>
								<width>140</width>
								<orientation>horizontal</orientation>
								<usecontrolcoords>true</usecontrolcoords>
								<itemgap>5</itemgap>
								<control type="image">
									<top>-4</top>
									<width>60</width>
									<height>100</height>
									<aspectratio>keep</aspectratio>
									<colordiffuse>grey</colordiffuse>
									<texture>logos/metacritic.png</texture>
								</control>
								<control type="label">
									<height>90</height>
									<width>auto</width>
									<font>font48_bold</font>
									<textcolor>grey</textcolor>
									<label>$INFO[Container(10051).ListItem.Property(rating.metacritic)]</label>
								</control>
							</control>
						</control>
					</control>
					<!-- Separator -->
					<control type="image">
						<left>-7</left>
						<height>1</height>
						<top>192</top>
						<texture colordiffuse="$VAR[ThemeLabelColor]">separator_horizontal.png</texture>
					</control>
				</control>
				<!-- Details Panel -->
				<control type="group">
					<left>3</left>
					<top>110</top>
					<control type="button" id="64">
						<top>83</top>
						<width>1198</width>
						<height>351</height>
						<include>ButtonInfoDialogsCommonValues</include>
						<onunfocus>ClearProperty(MoreInfoTitle,Home)</onunfocus>
						<onunfocus>ClearProperty(MoreInfoContent,Home)</onunfocus>
						<onclick>SetFocus(3000)</onclick>
						<onleft>SetFocus(3000)</onleft>
						<onright>SetFocus(3000)</onright>
						<onup>SetFocus(3000)</onup>
						<ondown>SetFocus(3000)</ondown>
					</control>
					<control type="panel" id="3000">
						<top>83</top>
						<width>1198</width>
						<height>360</height>
						<ondown>9000</ondown>
						<orientation>horizontal</orientation>
						<visible allowhiddenfocus="true">!Control.HasFocus(64)</visible>
						<include>VisibleFadeAnimation</include>
						<scrolltime tween="quadratic" easing="out">200</scrolltime>
						<itemlayout height="72" width="1198">
							<control type="label">
								<width>1198</width>
								<height>70</height>
								<font>font15</font>
								<textcolor>$VAR[ThemeLabelColor]</textcolor>
								<label>$INFO[ListItem.Label2,, ]$INFO[ListItem.Label,[COLOR grey], [/COLOR]]</label>
								<textoffsetx>20</textoffsetx>
							</control>
						</itemlayout>
						<focusedlayout height="72" width="1198">
							<control type="image">
								<width>1198</width>
								<height>62</height>
								<texture colordiffuse="$VAR[HighlightBarColor]" border="4">listselect_fo.png</texture>
								<visible>Control.HasFocus(3000)</visible>
								<include>VisibleFadeAnimation</include>
							</control>
							<control type="label">
								<width>1198</width>
								<height>70</height>
								<font>font15</font>
								<label>$INFO[ListItem.Label2,, ]$INFO[ListItem.Label]</label>
								<animation effect="fade" start="100" end="70" time="300" tween="sine" easing="inout" condition="!Control.HasFocus(3000)">Conditional</animation>
								<textoffsetx>20</textoffsetx>
							</control>
						</focusedlayout>
						<content>
							<item>
								<label>$INFO[Container(10051).ListItem.Director]</label>
								<label2>$LOCALIZE[20339]:</label2>
								<onclick>SetProperty(MoreInfoTitle,$LOCALIZE[20339],home)</onclick>
								<onclick>SetProperty(MoreInfoContent,$ESCINFO[Container(10051).ListItem.Director],home)</onclick>
								<onclick>SetFocus(64)</onclick>
								<visible>!String.IsEmpty(Container(10051).ListItem.Director)</visible>
							</item>
							<item>
								<label>$INFO[Container(10051).ListItem.Writer]</label>
								<label2>$LOCALIZE[20417]:</label2>
								<onclick>SetProperty(MoreInfoTitle,$LOCALIZE[20417],home)</onclick>
								<onclick>SetProperty(MoreInfoContent,$ESCINFO[Container(10051).ListItem.Writer],home)</onclick>
								<onclick>SetFocus(64)</onclick>
								<visible>!String.IsEmpty(Container(10051).ListItem.Writer)</visible>
							</item>
							<item>
								<label>$INFO[Container(10051).ListItem.Genre]</label>
								<label2>$LOCALIZE[515]:</label2>
								<onclick>SetProperty(MoreInfoTitle,$LOCALIZE[515],home)</onclick>
								<onclick>SetProperty(MoreInfoContent,$ESCINFO[Container(10051).ListItem.Genre],home)</onclick>
								<onclick>SetFocus(64)</onclick>
								<visible>!String.IsEmpty(Container(10051).ListItem.Genre)</visible>
							</item>
							<item>
								<label>$INFO[Container(10051).ListItem.Property(Budget),$]</label>
								<label2>$LOCALIZE[31850]:</label2>
								<onclick>SetProperty(MoreInfoTitle,$LOCALIZE[31850],home)</onclick>
								<onclick>SetProperty(MoreInfoContent,$ESCINFO[Container(10051).ListItem.Property(Budget),$],home)</onclick>
								<onclick>SetFocus(64)</onclick>
								<visible>!String.IsEmpty(Container(10051).ListItem.Property(Budget))</visible>
							</item>
							<item>
								<label>$INFO[Container(10051).ListItem.Property(Revenue),$]</label>
								<label2>$LOCALIZE[31851]:</label2>
								<onclick>SetProperty(MoreInfoTitle,$LOCALIZE[31851],home)</onclick>
								<onclick>SetProperty(MoreInfoContent,$ESCINFO[Container(10051).ListItem.Property(Revenue),$],home)</onclick>
								<onclick>SetFocus(64)</onclick>
								<visible>!String.IsEmpty(Container(10051).ListItem.Property(Revenue))</visible>
							</item>
						</content>
					</control>
					<control type="group">
						<left>3</left>
						<top>66</top>
						<include>VisibleFadeAnimation</include>
						<visible>Control.HasFocus(64)</visible>
						<control type="label">
							<top>32</top>
							<width>1198</width>
							<height>40</height>
							<font>font48_title</font>
							<textoffsetx>20</textoffsetx>
							<textcolor>$VAR[ThemeLabelColor]</textcolor>
							<label>$INFO[Window(Home).Property(MoreInfoTitle)]</label>
						</control>
						<control type="textbox">
							<left>20</left>
							<top>85</top>
							<width>1158</width>
							<height>280</height>
							<align>justify</align>
							<font>font18_textbox</font>
							<label>$INFO[Window(Home).Property(MoreInfoContent)]</label>
							<autoscroll time="3000" delay="4000" repeat="5000">Skin.HasSetting(Enable.AutoScroll)</autoscroll>
						</control>
					</control>
					<!-- Separator -->
					<control type="image">
						<top>433</top>
						<height>1</height>
						<texture colordiffuse="$VAR[ThemeLabelColor]">separator_horizontal.png</texture>
					</control>
				</control>
				<!-- Button LABELS -->
				<control type="group">
					<left>-5</left>
					<top>542</top>
					<control type="button">
						<width>650</width>
						<texturenofocus />
						<disabledcolor>grey</disabledcolor>
						<font>font30_title_bold</font>
						<align>left</align>
						<textoffsetx>16</textoffsetx>
						<include>ButtonInfoDialogsCommonValues</include>
						<label>$VAR[EmbuaryInfoButtonLabelVar]</label>
						<enable>no</enable>
					</control>
					<control type="button">
						<width>650</width>
						<texturenofocus />
						<disabledcolor>grey</disabledcolor>
						<font>font15_bold</font>
						<align>left</align>
						<textoffsetx>16</textoffsetx>
						<include>ButtonInfoDialogsCommonValues</include>
						<label>$VAR[EmbuaryInfoDetailsLabelVar]</label>
						<enable>no</enable>
					</control>
				</control>
				<control type="grouplist" id="9000">
					<right>0</right>
					<top>544</top>
					<width>585</width>
					<height>60</height>
					<onleft>9000</onleft>
					<onright>9000</onright>
					<onup>3000</onup>
					<ondown>90000</ondown>
					<align>right</align>
					<orientation>horizontal</orientation>
					<control type="togglebutton" id="900">
						<description>Play/browse to Show</description>
						<font>IconMediumMD</font>
						<width>65</width>
						<texturenofocus />
						<include>ButtonInfoDialogsCommonValues</include>
						<label></label>
						<altlabel></altlabel>
						<usealttexture>String.IsEqual(Container(10051).ListItem.Property(call),tv)</usealttexture>
						<onclick condition="String.IsEqual(Container(10051).ListItem.Property(call),tv)">RunScript(script.embuary.helper,action=goto,path='"videodb://tvshows/titles/$INFO[Container(10051).ListItem.DBID]/"',target=videos)</onclick>
						<onclick condition="!String.IsEqual(Container(10051).ListItem.Property(call),tv)">RunScript(script.embuary.helper,action=playitem,dbid=$INFO[Container(10051).ListItem.DBID])</onclick>
						<visible>!String.IsEmpty(Container(10051).ListItem.DBID)</visible>
					</control>
					<control type="button" id="901">
						<description>Cast</description>
						<font>IconMediumMD</font>
						<width>65</width>
						<texturenofocus />
						<include>ButtonInfoDialogsCommonValues</include>
						<label></label>
						<onclick>SetFocus(10052)</onclick>
						<visible>Integer.IsGreater(Container(10052).NumItems,0)</visible>
					</control>
					<control type="button" id="902">
						<description>Search Trailer</description>
						<font>IconMediumMD</font>
						<width>65</width>
						<texturenofocus />
						<include>ButtonInfoDialogsCommonValues</include>
						<label></label>
						<onclick>RunScript(script.embuary.helper,action=goto,path='"plugin://plugin.video.youtube/kodion/search/query/?q=$INFO[Container(10051).ListItem.Title]&amp;search_type=videos"',target=videos)</onclick>
						<visible>System.HasAddon(plugin.video.youtube) + System.HasAddon(script.embuary.helper)</visible>
					</control>
					<control type="button" id="903">
						<description>Extras</description>
						<font>IconMediumMD</font>
						<width>65</width>
						<texturenofocus />
						<include>ButtonInfoDialogsCommonValues</include>
						<label></label>
						<onclick>Addon.OpenSettings(script.embuary.info)</onclick>
					</control>
				</control>
				<control type="image">
					<left>3</left>
					<top>604</top>
					<height>1</height>
					<texture colordiffuse="$VAR[ThemeLabelColor]">separator_horizontal.png</texture>
				</control>
				<!-- Bottom Section -->
				<control type="grouplist" id="90000">
					<left>-7</left>
					<top>606</top>
					<width>2800</width>
					<height>500</height>
					<onup>9000</onup>
					<ondown>noop</ondown>
					<usecontrolcoords>true</usecontrolcoords>
					<scrolltime tween="quadratic" easing="out">300</scrolltime>
					<control type="group" id="90001">
						<width>1200</width>
						<height>500</height>
						<control type="button" id="90002">
							<left>10</left>
							<top>-2</top>
							<width>1200</width>
							<height>500</height>
							<onup>9000</onup>
							<ondown>10052</ondown>
							<include>ButtonInfoDialogsCommonValues</include>
							<onclick>SetProperty(TextViewerHeader,$ESCINFO[Container(10051).ListItem.Label,[B],[/B]],Home)</onclick>
							<onclick>SetProperty(TextViewerSubHeader,$ESCINFO[Container(10051).ListItem.Tagline],Home)</onclick>
							<onclick>SetProperty(TextViewerContent,$ESCINFO[Container(10051).ListItem.Plot],Home)</onclick>
							<onclick>ActivateWindow(1112)</onclick>
						</control>
						<!-- Plot -->
						<control type="textbox" id="90003">
							<left>26</left>
							<top>7</top>
							<width>1162</width>
							<height>345</height>
							<label>$INFO[Container(10051).ListItem.Plot]</label>
							<align>justify</align>
							<autoscroll time="3000" delay="4000" repeat="5000">Skin.HasSetting(Enable.AutoScroll) + !Control.HasFocus(90003)</autoscroll>
							<animation effect="fade" start="100" end="78" time="300" tween="sine" easing="inout" condition="!Control.HasFocus(90002)">Conditional</animation>
						</control>
					</control>
					<!-- Cast -->
					<control type="panel" id="10052">
						<left>15</left>
						<width>1196</width>
						<height>500</height>
						<orientation>horizontal</orientation>
						<preloaditems>2</preloaditems>
						<scrolltime tween="quadratic" easing="out">300</scrolltime>
						<visible>Integer.IsGreater(Container(10052).NumItems,0)</visible>
						<itemlayout height="500" width="299">
							<control type="image">
								<left>-15</left>
								<top>-10</top>
								<width>320</width>
								<height>450</height>
								<bordersize>22</bordersize>
								<bordertexture border="20">thumbs/shadow.png</bordertexture>
								<aspectratio aligny="top">scale</aspectratio>
								<texture background="true" fallback="DefaultActor.png">$INFO[ListItem.Art(thumb)]</texture>
							</control>
							<control type="image">
								<left>5</left>
								<width>282</width>
								<height>418</height>
								<texture>poster_bottom_fade.png</texture>
							</control>
							<control type="label">
								<left>8</left>
								<top>374</top>
								<width>274</width>
								<height>43</height>
								<align>center</align>
								<font>font14</font>
								<shadowcolor>shadow</shadowcolor>
								<textcolor>white2</textcolor>
								<label>$INFO[ListItem.Label]</label>
							</control>
							<control type="label">
								<left>3</left>
								<top>422</top>
								<width>284</width>
								<height>43</height>
								<align>center</align>
								<font>font14</font>
								<shadowcolor>shadow</shadowcolor>
								<textcolor>white2</textcolor>
								<label>$INFO[ListItem.Label2]</label>
							</control>
						</itemlayout>
						<focusedlayout height="500" width="299">
							<control type="group">
								<animation effect="zoom" start="95" end="100" time="200" tween="sine" easing="inout" center="auto">Focus</animation>
								<control type="image">
									<left>-15</left>
									<top>-10</top>
									<width>320</width>
									<height>450</height>
									<bordersize>22</bordersize>
									<bordertexture border="20">thumbs/shadow.png</bordertexture>
									<aspectratio aligny="top">scale</aspectratio>
									<texture background="true" fallback="DefaultActor.png">$INFO[ListItem.Art(thumb)]</texture>
								</control>
								<control type="image">
									<left>5</left>
									<width>282</width>
									<height>418</height>
									<texture>poster_bottom_fade.png</texture>
								</control>
								<control type="label">
									<left>8</left>
									<top>374</top>
									<width>274</width>
									<height>43</height>
									<align>center</align>
									<font>font14</font>
									<shadowcolor>shadow</shadowcolor>
									<textcolor>$VAR[ThemeLabelColor]</textcolor>
									<label>$INFO[ListItem.Label]</label>
								</control>
								<control type="label">
									<left>3</left>
									<top>422</top>
									<width>284</width>
									<height>43</height>
									<align>center</align>
									<font>font14</font>
									<shadowcolor>shadow</shadowcolor>
									<textcolor>$VAR[ThemeLabelColor]</textcolor>
									<label>$INFO[ListItem.Label2]</label>
								</control>
							</control>
						</focusedlayout>
					</control>
					<!-- Crew -->
					<control type="panel" id="10056">
						<left>15</left>
						<width>1196</width>
						<height>500</height>
						<orientation>horizontal</orientation>
						<preloaditems>2</preloaditems>
						<scrolltime tween="quadratic" easing="out">300</scrolltime>
						<visible>Integer.IsGreater(Container(10056).NumItems,0)</visible>
						<itemlayout height="500" width="299">
							<control type="image">
								<left>-15</left>
								<top>-10</top>
								<width>320</width>
								<height>450</height>
								<bordersize>22</bordersize>
								<bordertexture border="20">thumbs/shadow.png</bordertexture>
								<aspectratio aligny="top">scale</aspectratio>
								<texture background="true" fallback="DefaultActor.png">$INFO[ListItem.Art(thumb)]</texture>
							</control>
							<control type="image">
								<left>5</left>
								<width>282</width>
								<height>418</height>
								<texture>poster_bottom_fade.png</texture>
							</control>
							<control type="label">
								<left>8</left>
								<top>374</top>
								<width>274</width>
								<height>43</height>
								<align>center</align>
								<font>font14</font>
								<shadowcolor>shadow</shadowcolor>
								<textcolor>white2</textcolor>
								<label>$INFO[ListItem.Label]</label>
							</control>
							<control type="label">
								<left>3</left>
								<top>422</top>
								<width>284</width>
								<height>43</height>
								<align>center</align>
								<font>font14</font>
								<shadowcolor>shadow</shadowcolor>
								<textcolor>white2</textcolor>
								<label>$INFO[ListItem.Label2]</label>
							</control>
						</itemlayout>
						<focusedlayout height="500" width="299">
							<control type="group">
								<animation effect="zoom" start="95" end="100" time="200" tween="sine" easing="inout" center="auto">Focus</animation>
								<control type="image">
									<left>-15</left>
									<top>-10</top>
									<width>320</width>
									<height>450</height>
									<bordersize>22</bordersize>
									<bordertexture border="20">thumbs/shadow.png</bordertexture>
									<aspectratio aligny="top">scale</aspectratio>
									<texture background="true" fallback="DefaultActor.png">$INFO[ListItem.Art(thumb)]</texture>
								</control>
								<control type="image">
									<left>5</left>
									<width>282</width>
									<height>418</height>
									<texture>poster_bottom_fade.png</texture>
								</control>
								<control type="label">
									<left>8</left>
									<top>374</top>
									<width>274</width>
									<height>43</height>
									<align>center</align>
									<font>font14</font>
									<shadowcolor>shadow</shadowcolor>
									<textcolor>$VAR[ThemeLabelColor]</textcolor>
									<label>$INFO[ListItem.Label]</label>
								</control>
								<control type="label">
									<left>3</left>
									<top>422</top>
									<width>284</width>
									<height>43</height>
									<align>center</align>
									<font>font14</font>
									<shadowcolor>shadow</shadowcolor>
									<textcolor>$VAR[ThemeLabelColor]</textcolor>
									<label>$INFO[ListItem.Label2]</label>
								</control>
							</control>
						</focusedlayout>
					</control>
					<!-- Similar -->
					<control type="panel" id="10053">
						<left>15</left>
						<width>1196</width>
						<height>500</height>
						<orientation>horizontal</orientation>
						<preloaditems>2</preloaditems>
						<scrolltime tween="quadratic" easing="out">300</scrolltime>
						<visible>Integer.IsGreater(Container(10053).NumItems,0)</visible>
						<itemlayout height="500" width="299">
							<control type="image">
								<left>-15</left>
								<top>-10</top>
								<width>320</width>
								<height>450</height>
								<bordersize>22</bordersize>
								<bordertexture border="20">thumbs/shadow.png</bordertexture>
								<aspectratio aligny="top">scale</aspectratio>
								<texture background="true" fallback="DefaultMovies.png">$INFO[ListItem.Art(thumb)]</texture>
							</control>
							<control type="label">
								<left>3</left>
								<top>422</top>
								<width>284</width>
								<height>43</height>
								<align>center</align>
								<font>font14</font>
								<shadowcolor>shadow</shadowcolor>
								<textcolor>white2</textcolor>
								<label>$INFO[ListItem.Label]</label>
							</control>
							<control type="image">
								<left>7</left>
								<top>12</top>
								<width>67</width>
								<height>30</height>
								<texture colordiffuse="80FFFFFF">black.png</texture>
								<aspectratio aligny="center">scale</aspectratio>
								<visible>!String.IsEmpty(ListItem.Year)</visible>
							</control>
							<control type="label">
								<left>8</left>
								<top>3</top>
								<width>274</width>
								<height>43</height>
								<font>font14</font>
								<shadowcolor>shadow</shadowcolor>
								<textcolor>white2</textcolor>
								<label>$INFO[ListItem.Year]</label>
							</control>
							<control type="image">
								<left>242</left>
								<top>13</top>
								<width>40</width>
								<height>40</height>
								<texture>overlays/addons/enabled.png</texture>
								<visible>!String.IsEmpty(ListItem.DBID)</visible>
							</control>
						</itemlayout>
						<focusedlayout height="500" width="299">
							<control type="group">
								<animation effect="zoom" start="95" end="100" time="200" tween="sine" easing="inout" center="auto">Focus</animation>
								<control type="image">
									<left>-15</left>
									<top>-10</top>
									<width>320</width>
									<height>450</height>
									<bordersize>22</bordersize>
									<bordertexture border="20">thumbs/shadow.png</bordertexture>
									<aspectratio aligny="top">scale</aspectratio>
									<texture background="true" fallback="DefaultMovies.png">$INFO[ListItem.Art(thumb)]</texture>
								</control>
								<control type="image">
									<left>7</left>
									<top>12</top>
									<width>67</width>
									<height>30</height>
									<texture colordiffuse="80FFFFFF">black.png</texture>
									<aspectratio aligny="center">scale</aspectratio>
									<visible>!String.IsEmpty(ListItem.Year)</visible>
								</control>
								<control type="label">
									<left>8</left>
									<top>3</top>
									<width>274</width>
									<height>43</height>
									<font>font14</font>
									<shadowcolor>shadow</shadowcolor>
									<textcolor>$VAR[ThemeLabelColor]</textcolor>
									<label>$INFO[ListItem.Year]</label>
								</control>
								<control type="label">
									<left>3</left>
									<top>422</top>
									<width>284</width>
									<height>43</height>
									<align>center</align>
									<font>font14</font>
									<shadowcolor>shadow</shadowcolor>
									<textcolor>$VAR[ThemeLabelColor]</textcolor>
									<label>$INFO[ListItem.Label]</label>
								</control>
								<control type="image">
									<left>242</left>
									<top>13</top>
									<width>40</width>
									<height>40</height>
									<texture>overlays/addons/enabled.png</texture>
									<visible>!String.IsEmpty(ListItem.DBID)</visible>
								</control>
							</control>
						</focusedlayout>
					</control>
					<!-- YouTube -->
					<control type="panel" id="10054">
						<left>18</left>
						<width>1196</width>
						<height>500</height>
						<orientation>horizontal</orientation>
						<preloaditems>2</preloaditems>
						<scrolltime tween="quadratic" easing="out">300</scrolltime>
						<visible>Integer.IsGreater(Container(10054).NumItems,0)</visible>
						<itemlayout width="398" height="500">
							<control type="image">
								<left>-15</left>
								<top>40</top>
								<width>410</width>
								<height>500</height>
								<bordersize>22</bordersize>
								<bordertexture border="20">thumbs/shadow.png</bordertexture>
								<aspectratio aligny="top">keep</aspectratio>
								<texture background="true">$INFO[ListItem.Art(thumb)]</texture>
							</control>
							<control type="label">
								<left>3</left>
								<top>340</top>
								<width>374</width>
								<height>43</height>
								<align>center</align>
								<font>font14</font>
								<shadowcolor>shadow</shadowcolor>
								<textcolor>white2</textcolor>
								<label>$INFO[ListItem.Label]</label>
							</control>
							<control type="label">
								<left>3</left>
								<top>380</top>
								<width>374</width>
								<height>43</height>
								<align>center</align>
								<font>font14</font>
								<shadowcolor>shadow</shadowcolor>
								<textcolor>white2</textcolor>
								<label>$INFO[ListItem.Label2]</label>
							</control>
						</itemlayout>
						<focusedlayout width="398" height="500">
							<control type="group">
								<animation effect="zoom" start="95" end="100" time="200" tween="sine" easing="inout" center="auto">Focus</animation>
								<control type="image">
									<left>-15</left>
									<top>40</top>
									<width>410</width>
									<height>500</height>
									<bordersize>22</bordersize>
									<bordertexture border="20">thumbs/shadow.png</bordertexture>
									<aspectratio aligny="top">keep</aspectratio>
									<texture background="true">$INFO[ListItem.Art(thumb)]</texture>
								</control>
								<control type="label">
									<left>3</left>
									<top>340</top>
									<width>374</width>
									<height>43</height>
									<align>center</align>
									<font>font14</font>
									<shadowcolor>shadow</shadowcolor>
									<textcolor>$VAR[ThemeLabelColor]</textcolor>
									<label>$INFO[ListItem.Label]</label>
								</control>
								<control type="label">
									<left>3</left>
									<top>380</top>
									<width>374</width>
									<height>43</height>
									<align>center</align>
									<font>font14</font>
									<shadowcolor>shadow</shadowcolor>
									<textcolor>white2</textcolor>
									<label>$INFO[ListItem.Label2]</label>
								</control>
							</control>
						</focusedlayout>
					</control>
					<!-- Images -->
					<control type="panel" id="10055">
						<left>18</left>
						<width>1196</width>
						<height>500</height>
						<orientation>horizontal</orientation>
						<preloaditems>2</preloaditems>
						<scrolltime tween="quadratic" easing="out">300</scrolltime>
						<visible>Integer.IsGreater(Container(10055).NumItems,0)</visible>
						<itemlayout width="398" height="500">
							<control type="image">
								<left>-15</left>
								<top>90</top>
								<width>410</width>
								<height>500</height>
								<bordersize>22</bordersize>
								<bordertexture border="20">thumbs/shadow.png</bordertexture>
								<aspectratio aligny="top">keep</aspectratio>
								<texture background="true">$INFO[ListItem.Art(thumb)]</texture>
							</control>
							<control type="label">
								<left>3</left>
								<top>330</top>
								<width>374</width>
								<height>43</height>
								<align>center</align>
								<font>font14</font>
								<shadowcolor>shadow</shadowcolor>
								<textcolor>white2</textcolor>
								<label>$INFO[ListItem.Label]</label>
							</control>
						</itemlayout>
						<focusedlayout width="398" height="500">
							<control type="group">
								<animation effect="zoom" start="95" end="100" time="200" tween="sine" easing="inout" center="auto">Focus</animation>
								<control type="image">
									<left>-15</left>
									<top>90</top>
									<width>410</width>
									<height>500</height>
									<bordersize>22</bordersize>
									<bordertexture border="20">thumbs/shadow.png</bordertexture>
									<aspectratio aligny="top">keep</aspectratio>
									<texture background="true">$INFO[ListItem.Art(thumb)]</texture>
								</control>
								<control type="label">
									<left>3</left>
									<top>330</top>
									<width>374</width>
									<height>43</height>
									<align>center</align>
									<font>font14</font>
									<shadowcolor>shadow</shadowcolor>
									<textcolor>$VAR[ThemeLabelColor]</textcolor>
									<label>$INFO[ListItem.Label]</label>
								</control>
							</control>
						</focusedlayout>
					</control>
				</control>
			</control>
		</control>
	</controls>
</window>