<?xml version="1.0" encoding="UTF-8"?>
<window>
	<onload>SetFocus(90000)</onload>
	<controls>
		<control type="list" id="10051">
			<include>HiddenList</include>
		</control>
		<!-- <control type="multiimage" id="7975">
			<include>HiddenObject</include>
			<imagepath background="true">$INFO[Container(10051).ListItem.Art(thumb)]</imagepath>
		</control> -->
		<!-- Poster Side -->
		<control type="group">
			<animation effect="slide" start="-730,0" end="0,0" time="320" tween="quadratic" condition="!Skin.HasSetting(Enable.BlurredVideoInfo)">WindowOpen</animation>
			<animation effect="slide" start="-730,0" end="0,0" delay="250" time="320" tween="quadratic" condition="Skin.HasSetting(Enable.BlurredVideoInfo)">WindowOpen</animation>
			<animation effect="slide" end="-730,0" time="500" tween="quadratic">WindowClose</animation>
			<width>720</width>
			<height>100%</height>
			<control type="image">
				<texture>black.png</texture>
			</control>
			<control type="image">
				<aspectratio>scale</aspectratio>
				<fadetime>IconCrossfadeTime</fadetime>
				<texture background="true">$VAR[EmbuaryInfoPosterVar]</texture>
			</control>
		</control>
		<!-- Details Side -->
		<control type="group">
			<animation effect="slide" start="1210,0" end="0,0" time="320" tween="quadratic" condition="!Skin.HasSetting(Enable.BlurredVideoInfo)">WindowOpen</animation>
			<animation effect="slide" start="1210,0" end="0,0" delay="250" time="320" tween="quadratic" condition="Skin.HasSetting(Enable.BlurredVideoInfo)">WindowOpen</animation>
			<animation effect="slide" end="1210,0" time="500" tween="quadratic">WindowClose</animation>
			<left>720</left>
			<control type="group">
				<width>1200</width>
				<!-- Background -->
				<control type="group">
					<height>100%</height>
					<control type="image">
						<texture>black.png</texture>
					</control>
					<control type="image">
						<aspectratio align="center">scale</aspectratio>
						<texture>dialogs/embuary_info/bg.jpg</texture>
					</control>
					<!-- <control type="image">
						<texture border="4">dialogs/info/info_rightpaneltop.png</texture>
					</control> -->
				</control>
				<!-- Top Section -->
				<control type="group">
					<left>10</left>
					<!-- Main Label/Sublabel -->
					<control type="grouplist">
						<top>-28</top>
						<width>1200</width>
						<height>140</height>
						<align>center</align>
						<control type="label">
							<height>65</height>
							<width>1180</width>
							<font>font30_title_bold</font>
							<textcolor>grey</textcolor>
							<scroll>true</scroll>
							<label>$INFO[Container(10051).ListItem.Label]</label>
						</control>
						<control type="label">
							<width>1180</width>
							<height>30</height>
							<font>font16</font>
							<textcolor>$VAR[ThemeLabelColor]</textcolor>
							<label>$INFO[Container(10051).ListItem.Property(known_for_department),$LOCALIZE[31546] ]</label>
						</control>
					</control>
					<control type="image">
						<left>852</left>
						<top>10</top>
						<width>408</width>
						<height>90</height>
						<aspectratio>keep</aspectratio>
						<fadetime>IconCrossfadeTime</fadetime>
						<texture background="true">logos/tmdb-logo2.png</texture>
					</control>
					<!-- Separator -->
					<control type="image">
						<left>-7</left>
						<top>105</top>
						<height>1</height>
						<texture colordiffuse="$VAR[ThemeLabelColor]">separator_horizontal.png</texture>
					</control>
				</control>
				<!-- Details Panel -->
				<control type="group">
					<left>3</left>
					<top>110</top>
					<control type="button" id="64">
						<top>-4</top>
						<width>1198</width>
						<height>438</height>
						<include>ButtonInfoDialogsCommonValues</include>
						<onunfocus>ClearProperty(MoreInfoTitle,Home)</onunfocus>
						<onunfocus>ClearProperty(MoreInfoContent,Home)</onunfocus>
						<onclick>SetFocus(3000)</onclick>
						<onleft>SetFocus(3000)</onleft>
						<onright>SetFocus(3000)</onright>
						<onup>SetFocus(3000)</onup>
						<ondown>SetFocus(3000)</ondown>
					</control>
					<control type="panel" id="3000">
						<top>-4</top>
						<width>1198</width>
						<height>438</height>
						<onup>90002</onup>
						<ondown>90000</ondown>
						<orientation>horizontal</orientation>
						<visible allowhiddenfocus="true">!Control.HasFocus(64)</visible>
						<include>VisibleFadeAnimation</include>
						<scrolltime tween="quadratic" easing="out">200</scrolltime>
						<itemlayout height="73" width="1198">
							<control type="label">
								<width>1198</width>
								<height>73</height>
								<font>font16</font>
								<textcolor>$VAR[ThemeLabelColor]</textcolor>
								<label>$INFO[ListItem.Label2,, ]$INFO[ListItem.Label,[COLOR grey], [/COLOR]]</label>
								<textoffsetx>20</textoffsetx>
							</control>
						</itemlayout>
						<focusedlayout height="72" width="1198">
							<control type="image">
								<width>1198</width>
								<height>73</height>
								<texture colordiffuse="$VAR[HighlightBarColor]" border="4">listselect_fo.png</texture>
								<visible>Control.HasFocus(3000)</visible>
								<include>VisibleFadeAnimation</include>
							</control>
							<control type="label">
								<width>1198</width>
								<height>73</height>
								<font>font16</font>
								<label>$INFO[ListItem.Label2,, ]$INFO[ListItem.Label]</label>
								<animation effect="fade" start="100" end="70" time="300" tween="sine" easing="inout" condition="!Control.HasFocus(3000)">Conditional</animation>
								<textoffsetx>20</textoffsetx>
							</control>
						</focusedlayout>
						<content>
							<item>
								<label>$INFO[Container(10051).ListItem.Property(Age)]</label>
								<label2>$ADDON[script.embuary.info 32006]:</label2>
								<onclick>SetProperty(MoreInfoTitle,$ADDON[script.embuary.info 32006],home)</onclick>
								<onclick>SetProperty(MoreInfoContent,$ESCINFO[Container(10051).ListItem.Property(Age),, $ADDON[script.embuary.info 32006]],home)</onclick>
								<onclick>SetFocus(64)</onclick>
								<visible>!String.IsEmpty(Container(10051).ListItem.Property(Age))</visible>
							</item>
							<item>
								<label>$INFO[Container(10051).ListItem.Property(Birthday)]</label>
								<label2>$LOCALIZE[21893]:</label2>
								<onclick>SetProperty(MoreInfoTitle,$LOCALIZE[21893],home)</onclick>
								<onclick>SetProperty(MoreInfoContent,$ESCINFO[Container(10051).ListItem.Property(Birthday)],home)</onclick>
								<onclick>SetFocus(64)</onclick>
								<visible>!String.IsEmpty(Container(10051).ListItem.Property(Birthday))</visible>
							</item>
							<item>
								<label>$INFO[Container(10051).ListItem.Property(Deathday)]</label>
								<label2>$LOCALIZE[21897]:</label2>
								<onclick>SetProperty(MoreInfoTitle,$LOCALIZE[21897],home)</onclick>
								<onclick>SetProperty(MoreInfoContent,$ESCINFO[Container(10051).ListItem.Property(Deathday)],home)</onclick>
								<onclick>SetFocus(64)</onclick>
								<visible>!String.IsEmpty(Container(10051).ListItem.Property(Deathday))</visible>
							</item>
							<item>
								<label>$INFO[Container(10051).ListItem.Property(place_of_birth)]</label>
								<label2>$ADDON[script.embuary.info 32007]:</label2>
								<onclick>SetProperty(MoreInfoTitle,$ADDON[script.embuary.info 32007],home)</onclick>
								<onclick>SetProperty(MoreInfoContent,$ESCINFO[Container(10051).ListItem.Property(place_of_birth)],home)</onclick>
								<onclick>SetFocus(64)</onclick>
								<visible>!String.IsEmpty(Container(10051).ListItem.Property(place_of_birth))</visible>
							</item>
							<item>
								<label>$INFO[Container(10052).NumItems]</label>
								<label2>$LOCALIZE[342]:</label2>
								<onclick>SetFocus(10052)</onclick>
								<visible>!String.IsEmpty(Container(10052).ListItemAbsolute(0).Label)</visible>
							</item>
							<item>
								<label>$INFO[Container(10053).NumItems]</label>
								<label2>$LOCALIZE[20343]:</label2>
								<onclick>SetFocus(10053)</onclick>
								<visible>!String.IsEmpty(Container(10053).ListItemAbsolute(0).Label)</visible>
							</item>
						</content>
					</control>
					<control type="group">
						<left>3</left>
						<top>-4</top>
						<include>VisibleFadeAnimation</include>
						<visible>Control.HasFocus(64)</visible>
						<control type="label">
							<top>32</top>
							<width>1198</width>
							<height>40</height>
							<font>font48_title</font>
							<textoffsetx>20</textoffsetx>
							<textcolor>$VAR[ThemeLabelColor]</textcolor>
							<label>$INFO[Window(Home).Property(MoreInfoTitle)]</label>
						</control>
						<control type="textbox">
							<left>20</left>
							<top>85</top>
							<width>1158</width>
							<height>280</height>
							<align>justify</align>
							<font>font18_textbox</font>
							<label>$INFO[Window(Home).Property(MoreInfoContent)]</label>
							<autoscroll time="3000" delay="4000" repeat="5000">Skin.HasSetting(Enable.AutoScroll)</autoscroll>
						</control>
					</control>
					<!-- Separator -->
					<control type="image">
						<top>433</top>
						<height>1</height>
						<texture colordiffuse="$VAR[ThemeLabelColor]">separator_horizontal.png</texture>
					</control>
				</control>
				<!-- Button LABELS -->
				<control type="group">
					<left>-5</left>
					<top>542</top>
					<control type="button">
						<width>650</width>
						<texturenofocus />
						<disabledcolor>grey</disabledcolor>
						<font>font30_title_bold</font>
						<align>left</align>
						<textoffsetx>16</textoffsetx>
						<include>ButtonInfoDialogsCommonValues</include>
						<label>$VAR[EmbuaryInfoButtonLabelVar]</label>
						<enable>no</enable>
					</control>
					<control type="button">
						<width>650</width>
						<texturenofocus />
						<disabledcolor>grey</disabledcolor>
						<font>font15_bold</font>
						<align>left</align>
						<textoffsetx>16</textoffsetx>
						<include>ButtonInfoDialogsCommonValues</include>
						<label>$VAR[EmbuaryInfoDetailsLabelVar]</label>
						<enable>no</enable>
					</control>
				</control>
				<control type="image">
					<left>3</left>
					<top>604</top>
					<height>1</height>
					<texture colordiffuse="$VAR[ThemeLabelColor]">separator_horizontal.png</texture>
				</control>
				<!-- Bottom Section -->
				<control type="grouplist" id="90000">
					<left>-7</left>
					<top>606</top>
					<width>2800</width>
					<height>500</height>
					<onup>3000</onup>
					<ondown>noop</ondown>
					<usecontrolcoords>true</usecontrolcoords>
					<scrolltime tween="quadratic" easing="out">300</scrolltime>
					<control type="group" id="90001">
						<width>1200</width>
						<height>500</height>
						<control type="button" id="90002">
							<left>10</left>
							<top>-2</top>
							<width>1200</width>
							<height>500</height>
							<onup>3000</onup>
							<ondown>10052</ondown>
							<include>ButtonInfoDialogsCommonValues</include>
							<onclick>SetProperty(TextViewerHeader,$ESCINFO[Container(10051).ListItem.Label,[B],[/B]],Home)</onclick>
							<onclick>SetProperty(TextViewerSubHeader,$ESCINFO[Container(10051).ListItem.Property(Age),, $LOCALIZE[31544]],Home)</onclick>
							<onclick>SetProperty(TextViewerContent,$ESCINFO[Container(10051).ListItem.Property(Biography)],Home)</onclick>
							<onclick>ActivateWindow(1112)</onclick>
						</control>
						<!-- Plot -->
						<control type="textbox" id="90003">
							<left>26</left>
							<top>7</top>
							<width>1162</width>
							<height>460</height>
							<label>$INFO[Container(10051).ListItem.Property(Biography)]</label>
							<align>justify</align>
							<autoscroll time="3000" delay="4000" repeat="5000">Skin.HasSetting(Enable.AutoScroll) + !Control.HasFocus(90003)</autoscroll>
							<animation effect="fade" start="100" end="78" time="300" tween="sine" easing="inout" condition="!Control.HasFocus(90002)">Conditional</animation>
						</control>
					</control>
					<control type="panel" id="10052">
						<left>15</left>
						<width>1196</width>
						<height>500</height>
						<orientation>horizontal</orientation>
						<preloaditems>2</preloaditems>
						<scrolltime tween="quadratic" easing="out">300</scrolltime>
						<visible>Integer.IsGreater(Container(10052).NumItems,0)</visible>
						<itemlayout height="500" width="299">
							<control type="image">
								<left>-15</left>
								<top>-10</top>
								<width>320</width>
								<height>450</height>
								<bordersize>22</bordersize>
								<bordertexture border="20">thumbs/shadow.png</bordertexture>
								<aspectratio aligny="top">scale</aspectratio>
								<texture background="true" fallback="DefaultMovies.png">$INFO[ListItem.Art(thumb)]</texture>
							</control>
							<control type="label">
								<left>3</left>
								<top>422</top>
								<width>284</width>
								<height>43</height>
								<align>center</align>
								<font>font14</font>
								<shadowcolor>shadow</shadowcolor>
								<textcolor>white</textcolor>
								<label>$INFO[ListItem.Label]</label>
							</control>
							<control type="image">
								<left>7</left>
								<top>12</top>
								<width>67</width>
								<height>30</height>
								<texture colordiffuse="80FFFFFF">black.png</texture>
								<aspectratio aligny="center">scale</aspectratio>
								<visible>!String.IsEmpty(ListItem.Year)</visible>
							</control>
							<control type="label">
								<left>8</left>
								<top>3</top>
								<width>274</width>
								<height>43</height>
								<font>font14</font>
								<shadowcolor>shadow</shadowcolor>
								<textcolor>white</textcolor>
								<label>$INFO[ListItem.Year]</label>
							</control>
							<control type="image">
								<left>242</left>
								<top>13</top>
								<width>40</width>
								<height>40</height>
								<texture>overlays/addons/enabled.png</texture>
								<visible>!String.IsEmpty(ListItem.DBID)</visible>
							</control>
						</itemlayout>
						<focusedlayout height="500" width="299">
							<control type="group">
								<animation effect="zoom" start="95" end="100" time="200" tween="sine" easing="inout" center="auto">Focus</animation>
								<control type="image">
									<left>-15</left>
									<top>-10</top>
									<width>320</width>
									<height>450</height>
									<bordersize>22</bordersize>
									<bordertexture border="20">thumbs/shadow.png</bordertexture>
									<aspectratio aligny="top">scale</aspectratio>
									<texture background="true" fallback="DefaultMovies.png">$INFO[ListItem.Art(thumb)]</texture>
								</control>
								<control type="image">
									<left>7</left>
									<top>12</top>
									<width>67</width>
									<height>30</height>
									<texture colordiffuse="80FFFFFF">black.png</texture>
									<aspectratio aligny="center">scale</aspectratio>
									<visible>!String.IsEmpty(ListItem.Year)</visible>
								</control>
								<control type="label">
									<left>8</left>
									<top>3</top>
									<width>274</width>
									<height>43</height>
									<font>font14</font>
									<shadowcolor>shadow</shadowcolor>
									<textcolor>$VAR[ThemeLabelColor]</textcolor>
									<label>$INFO[ListItem.Year]</label>
								</control>
								<control type="label">
									<left>3</left>
									<top>422</top>
									<width>284</width>
									<height>43</height>
									<align>center</align>
									<font>font14</font>
									<shadowcolor>shadow</shadowcolor>
									<textcolor>$VAR[ThemeLabelColor]</textcolor>
									<label>$INFO[ListItem.Label]</label>
								</control>
								<control type="image">
									<left>242</left>
									<top>13</top>
									<width>40</width>
									<height>40</height>
									<texture>overlays/addons/enabled.png</texture>
									<visible>!String.IsEmpty(ListItem.DBID)</visible>
								</control>
							</control>
						</focusedlayout>
					</control>
					<control type="panel" id="10053">
						<left>15</left>
						<width>1196</width>
						<height>500</height>
						<orientation>horizontal</orientation>
						<preloaditems>2</preloaditems>
						<scrolltime tween="quadratic" easing="out">300</scrolltime>
						<visible>Integer.IsGreater(Container(10053).NumItems,0)</visible>
						<itemlayout height="500" width="299">
							<control type="image">
								<left>-15</left>
								<top>-10</top>
								<width>320</width>
								<height>450</height>
								<bordersize>22</bordersize>
								<bordertexture border="20">thumbs/shadow.png</bordertexture>
								<aspectratio aligny="top">scale</aspectratio>
								<texture background="true" fallback="DefaultTVShows.png">$INFO[ListItem.Art(thumb)]</texture>
							</control>
							<control type="label">
								<left>3</left>
								<top>422</top>
								<width>284</width>
								<height>43</height>
								<align>center</align>
								<font>font14</font>
								<shadowcolor>shadow</shadowcolor>
								<textcolor>white</textcolor>
								<label>$INFO[ListItem.Label]</label>
							</control>
							<control type="image">
								<left>7</left>
								<top>12</top>
								<width>67</width>
								<height>30</height>
								<texture colordiffuse="80FFFFFF">black.png</texture>
								<aspectratio aligny="center">scale</aspectratio>
								<visible>!String.IsEmpty(ListItem.Year)</visible>
							</control>
							<control type="label">
								<left>8</left>
								<top>3</top>
								<width>274</width>
								<height>43</height>
								<font>font14</font>
								<shadowcolor>shadow</shadowcolor>
								<textcolor>white</textcolor>
								<label>$INFO[ListItem.Year]</label>
							</control>
							<control type="image">
								<left>242</left>
								<top>13</top>
								<width>40</width>
								<height>40</height>
								<texture>overlays/addons/enabled.png</texture>
								<visible>!String.IsEmpty(ListItem.DBID)</visible>
							</control>
						</itemlayout>
						<focusedlayout height="500" width="299">
							<control type="group">
								<animation effect="zoom" start="95" end="100" time="200" tween="sine" easing="inout" center="auto">Focus</animation>
								<control type="image">
									<left>-15</left>
									<top>-10</top>
									<width>320</width>
									<height>450</height>
									<bordersize>22</bordersize>
									<bordertexture border="20">thumbs/shadow.png</bordertexture>
									<aspectratio aligny="top">scale</aspectratio>
									<texture background="true" fallback="DefaultTVShows.png">$INFO[ListItem.Art(thumb)]</texture>
								</control>
								<control type="image">
									<left>7</left>
									<top>12</top>
									<width>67</width>
									<height>30</height>
									<texture colordiffuse="80FFFFFF">black.png</texture>
									<aspectratio aligny="center">scale</aspectratio>
									<visible>!String.IsEmpty(ListItem.Year)</visible>
								</control>
								<control type="label">
									<left>8</left>
									<top>3</top>
									<width>274</width>
									<height>43</height>
									<font>font14</font>
									<shadowcolor>shadow</shadowcolor>
									<textcolor>$VAR[ThemeLabelColor]</textcolor>
									<label>$INFO[ListItem.Year]</label>
								</control>
								<control type="label">
									<left>3</left>
									<top>422</top>
									<width>284</width>
									<height>43</height>
									<align>center</align>
									<font>font14</font>
									<shadowcolor>shadow</shadowcolor>
									<textcolor>$VAR[ThemeLabelColor]</textcolor>
									<label>$INFO[ListItem.Label]</label>
								</control>
								<control type="image">
									<left>242</left>
									<top>13</top>
									<width>40</width>
									<height>40</height>
									<texture>overlays/addons/enabled.png</texture>
									<visible>!String.IsEmpty(ListItem.DBID)</visible>
								</control>
							</control>
						</focusedlayout>
					</control>
					<control type="panel" id="10054">
						<left>15</left>
						<width>1196</width>
						<height>500</height>
						<orientation>horizontal</orientation>
						<preloaditems>2</preloaditems>
						<scrolltime tween="quadratic" easing="out">300</scrolltime>
						<visible>Integer.IsGreater(Container(10054).NumItems,0)</visible>
						<itemlayout height="500" width="299">
							<control type="image">
								<left>-15</left>
								<top>-10</top>
								<width>320</width>
								<height>450</height>
								<bordersize>22</bordersize>
								<bordertexture border="20">thumbs/shadow.png</bordertexture>
								<aspectratio aligny="top">scale</aspectratio>
								<texture background="true" fallback="DefaultActor.png">$INFO[ListItem.Art(thumb)]</texture>
							</control>
							<control type="label">
								<left>3</left>
								<top>422</top>
								<width>284</width>
								<height>43</height>
								<align>center</align>
								<font>font14</font>
								<shadowcolor>shadow</shadowcolor>
								<textcolor>white</textcolor>
								<label>$INFO[ListItem.Label]</label>
							</control>
						</itemlayout>
						<focusedlayout height="500" width="299">
							<control type="group">
								<animation effect="zoom" start="95" end="100" time="200" tween="sine" easing="inout" center="auto">Focus</animation>
								<control type="image">
									<left>-15</left>
									<top>-10</top>
									<width>320</width>
									<height>450</height>
									<bordersize>22</bordersize>
									<bordertexture border="20">thumbs/shadow.png</bordertexture>
									<aspectratio aligny="top">scale</aspectratio>
									<texture background="true" fallback="DefaultActor.png">$INFO[ListItem.Art(thumb)]</texture>
								</control>
								<control type="label">
									<left>3</left>
									<top>422</top>
									<width>284</width>
									<height>43</height>
									<align>center</align>
									<font>font14</font>
									<shadowcolor>shadow</shadowcolor>
									<textcolor>$VAR[ThemeLabelColor]</textcolor>
									<label>$INFO[ListItem.Label]</label>
								</control>
							</control>
						</focusedlayout>
					</control>
				</control>
			</control>
		</control>
	</controls>
</window>