<?xml version="1.0" encoding="UTF-8"?>
<includes>
	<!-- Widget Settings -->
	<variable name="Widget1DisplayTitleVar">
		<value condition="!String.IsEmpty(Container(211).ListItem.Property(widgetStyle)) + !String.IsEmpty(Container(211).ListItem.Property(widgetName))">$INFO[Container(211).ListItem.Property(widgetName),, - ][B]$VAR[WidgetStyleLabelVar][/B]</value>
		<value>$LOCALIZE[231]</value>
	</variable>
	<variable name="Widget2DisplayTitleVar">
		<value condition="!String.IsEmpty(Container(211).ListItem.Property(widgetStyle.2)) + !String.IsEmpty(Container(211).ListItem.Property(widgetName.2))">$INFO[Container(211).ListItem.Property(widgetName.2),, - ][B]$VAR[WidgetStyle2LabelVar][/B]</value>
		<value>$LOCALIZE[231]</value>
	</variable>
	<variable name="WidgetStyleLabelVar">
		<value condition="String.IsEqual(Container(211).ListItem.Property(widgetStyle),List)">$LOCALIZE[535]</value>
		<value condition="String.IsEqual(Container(211).ListItem.Property(widgetStyle),Extended List)">$LOCALIZE[31711]</value>
		<value condition="String.IsEqual(Container(211).ListItem.Property(widgetStyle),Panel)">$LOCALIZE[31712]</value>
		<value condition="String.IsEqual(Container(211).ListItem.Property(widgetStyle),Extended Panel)">$LOCALIZE[31713]</value>
		<value condition="String.IsEqual(Container(211).ListItem.Property(widgetStyle),Compact Panel)">$LOCALIZE[31714]</value>
		<value condition="String.IsEqual(Container(211).ListItem.Property(widgetStyle),Extended Compact Panel)">$LOCALIZE[31715]</value>
		<value>$LOCALIZE[231]</value>
	</variable>
	<variable name="WidgetStyle2LabelVar">
		<value condition="String.IsEqual(Container(211).ListItem.Property(widgetStyle.2),List)">$LOCALIZE[535]</value>
		<value condition="String.IsEqual(Container(211).ListItem.Property(widgetStyle.2),Extended List)">$LOCALIZE[31711]</value>
		<value condition="String.IsEqual(Container(211).ListItem.Property(widgetStyle.2),Panel)">$LOCALIZE[31712]</value>
		<value condition="String.IsEqual(Container(211).ListItem.Property(widgetStyle.2),Extended Panel)">$LOCALIZE[31713]</value>
		<value condition="String.IsEqual(Container(211).ListItem.Property(widgetStyle.2),Compact Panel)">$LOCALIZE[31714]</value>
		<value condition="String.IsEqual(Container(211).ListItem.Property(widgetStyle.2),Extended Compact Panel)">$LOCALIZE[31715]</value>
		<value>$LOCALIZE[231]</value>
	</variable>
	<variable name="WidgetArtLabelVar">
		<value condition="String.IsEqual(Container(211).ListItem.Property(widgetArt),Poster)">$LOCALIZE[31016]</value>
		<value condition="String.IsEqual(Container(211).ListItem.Property(widgetArt),Square Poster)">$LOCALIZE[31718]</value>
		<value condition="String.IsEqual(Container(211).ListItem.Property(widgetArt),FanArt)">$LOCALIZE[20445]</value>
		<value condition="String.IsEqual(Container(211).ListItem.Property(widgetArt),Thumb)">$LOCALIZE[21371]</value>
		<value condition="String.IsEqual(Container(211).ListItem.Property(widgetArt),Landscape)">$LOCALIZE[31076]</value>
		<value condition="String.IsEqual(Container(211).ListItem.Property(widgetArt),ClearArt)">$LOCALIZE[31156]</value>
		<value condition="String.IsEqual(Container(211).ListItem.Property(widgetArt),ClearLogo)">$LOCALIZE[31719]</value>
		<value condition="String.IsEqual(Container(211).ListItem.Property(widgetArt),DiscArt)">$LOCALIZE[31609]</value>
		<value condition="String.IsEqual(Container(211).ListItem.Property(widgetArt),CharacterArt)">$LOCALIZE[31720]</value>
		<value condition="String.IsEqual(Container(211).ListItem.Property(widgetArt),Banner)">$LOCALIZE[31087]</value>
		<value>$LOCALIZE[231]</value>
	</variable>
	<variable name="WidgetArt2LabelVar">
		<value condition="String.IsEqual(Container(211).ListItem.Property(widgetArt.2),Poster)">$LOCALIZE[31016]</value>
		<value condition="String.IsEqual(Container(211).ListItem.Property(widgetArt.2),Square Poster)">$LOCALIZE[31718]</value>
		<value condition="String.IsEqual(Container(211).ListItem.Property(widgetArt.2),FanArt)">$LOCALIZE[20445]</value>
		<value condition="String.IsEqual(Container(211).ListItem.Property(widgetArt.2),Thumb)">$LOCALIZE[21371]</value>
		<value condition="String.IsEqual(Container(211).ListItem.Property(widgetArt.2),Landscape)">$LOCALIZE[31076]</value>
		<value condition="String.IsEqual(Container(211).ListItem.Property(widgetArt.2),ClearArt)">$LOCALIZE[31156]</value>
		<value condition="String.IsEqual(Container(211).ListItem.Property(widgetArt.2),ClearLogo)">$LOCALIZE[31719]</value>
		<value condition="String.IsEqual(Container(211).ListItem.Property(widgetArt.2),DiscArt)">$LOCALIZE[31609]</value>
		<value condition="String.IsEqual(Container(211).ListItem.Property(widgetArt.2),CharacterArt)">$LOCALIZE[31720]</value>
		<value condition="String.IsEqual(Container(211).ListItem.Property(widgetArt.2),Banner)">$LOCALIZE[31087]</value>
		<value>$LOCALIZE[231]</value>
	</variable>
	<variable name="WidgetCaseLabelVar">
		<value condition="String.IsEqual(Container(211).ListItem.Property(widgetCase),Glass)">$LOCALIZE[31721]</value>
		<value condition="String.IsEqual(Container(211).ListItem.Property(widgetCase),Clear Case)">$LOCALIZE[31722]</value>
		<value condition="String.Contains(Container(211).ListItem.Property(widgetCase),Case)">$LOCALIZE[31707]</value>
		<value>$LOCALIZE[231]</value>
	</variable>
	<variable name="WidgetCase2LabelVar">
		<value condition="String.IsEqual(Container(211).ListItem.Property(widgetCase.2),Glass)">$LOCALIZE[31721]</value>
		<value condition="String.IsEqual(Container(211).ListItem.Property(widgetCase.2),Clear Case)">$LOCALIZE[31722]</value>
		<value condition="String.Contains(Container(211).ListItem.Property(widgetCase.2),Case)">$LOCALIZE[31707]</value>
		<value>$LOCALIZE[231]</value>
	</variable>
	<variable name="WidgetLimitLabelVar">
		<value condition="String.IsEqual(Container(211).ListItem.Property(widgetLimit),$NUMBER[7])">$NUMBER[7]</value>
		<value condition="String.IsEqual(Container(211).ListItem.Property(widgetLimit),$NUMBER[9])">$NUMBER[9]</value>
		<value condition="String.IsEqual(Container(211).ListItem.Property(widgetLimit),$NUMBER[15])">$NUMBER[15]</value>
		<value condition="String.IsEqual(Container(211).ListItem.Property(widgetLimit),$NUMBER[30])">$NUMBER[30]</value>
		<value condition="String.IsEqual(Container(211).ListItem.Property(widgetLimit),$NUMBER[50])">$NUMBER[50]</value>
		<value condition="String.IsEqual(Container(211).ListItem.Property(widgetLimit),$NUMBER[75])">$NUMBER[75]</value>
		<value condition="String.IsEqual(Container(211).ListItem.Property(widgetLimit),$NUMBER[100])">$NUMBER[100]</value>
		<value>$LOCALIZE[231]</value>
	</variable>
	<variable name="WidgetLimit2LabelVar">
		<value condition="String.IsEqual(Container(211).ListItem.Property(widgetLimit.2),$NUMBER[7])">$NUMBER[7]</value>
		<value condition="String.IsEqual(Container(211).ListItem.Property(widgetLimit.2),$NUMBER[9])">$NUMBER[9]</value>
		<value condition="String.IsEqual(Container(211).ListItem.Property(widgetLimit.2),$NUMBER[15])">$NUMBER[15]</value>
		<value condition="String.IsEqual(Container(211).ListItem.Property(widgetLimit.2),$NUMBER[30])">$NUMBER[30]</value>
		<value condition="String.IsEqual(Container(211).ListItem.Property(widgetLimit.2),$NUMBER[50])">$NUMBER[50]</value>
		<value condition="String.IsEqual(Container(211).ListItem.Property(widgetLimit.2),$NUMBER[75])">$NUMBER[75]</value>
		<value condition="String.IsEqual(Container(211).ListItem.Property(widgetLimit.2),$NUMBER[100])">$NUMBER[100]</value>
		<value>$LOCALIZE[231]</value>
	</variable>
	<variable name="WidgetSortbyLabelVar">
		<value condition="String.IsEqual(Container(211).ListItem.Property(widgetSortby),lastplayed)">$LOCALIZE[568]</value>
		<value condition="String.IsEqual(Container(211).ListItem.Property(widgetSortby),title)">$LOCALIZE[369]</value>
		<value condition="String.IsEqual(Container(211).ListItem.Property(widgetSortby),name)">$LOCALIZE[551]</value>
		<value condition="String.IsEqual(Container(211).ListItem.Property(widgetSortby),playlistorder)">$LOCALIZE[559]</value>
		<value condition="String.IsEqual(Container(211).ListItem.Property(widgetSortby),tvshowtitle)">$LOCALIZE[36902]</value>
		<value condition="String.IsEqual(Container(211).ListItem.Property(widgetSortby),episodenumber)">$LOCALIZE[20359]</value>
		<value condition="String.IsEqual(Container(211).ListItem.Property(widgetSortby),date)">$LOCALIZE[552]</value>
		<value condition="String.IsEqual(Container(211).ListItem.Property(widgetSortby),artist)">$LOCALIZE[557]</value>
		<value condition="String.IsEqual(Container(211).ListItem.Property(widgetSortby),album)">$LOCALIZE[558]</value>
		<value condition="String.IsEqual(Container(211).ListItem.Property(widgetSortby),tracknumber)">$LOCALIZE[554]</value>
		<value condition="String.IsEqual(Container(211).ListItem.Property(widgetSortby),channelnumber)">$LOCALIZE[19029]</value>
		<value condition="String.IsEqual(Container(211).ListItem.Property(widgetSortby),year)">$LOCALIZE[345]</value>
		<value condition="String.IsEqual(Container(211).ListItem.Property(widgetSortby),dateadded)">$LOCALIZE[570]</value>
		<value condition="String.IsEqual(Container(211).ListItem.Property(widgetSortby),random)">$LOCALIZE[590]</value>
		<value condition="String.IsEqual(Container(211).ListItem.Property(widgetSortby),lastused)">$LOCALIZE[12012]</value>
		<value condition="String.IsEqual(Container(211).ListItem.Property(widgetSortby),lastupdated)">$LOCALIZE[12014]</value>
		<value condition="String.IsEqual(Container(211).ListItem.Property(widgetSortby),playcount)">$LOCALIZE[567]</value>
		<value condition="String.IsEqual(Container(211).ListItem.Property(widgetSortby),year)">$LOCALIZE[562]</value>
		<value condition="String.IsEqual(Container(211).ListItem.Property(widgetSortby),season)">$LOCALIZE[20373]</value>
		<value>$LOCALIZE[571]</value>
	</variable>
	<variable name="WidgetSortby2LabelVar">
		<value condition="String.IsEqual(Container(211).ListItem.Property(widgetSortby.2),lastplayed)">$LOCALIZE[568]</value>
		<value condition="String.IsEqual(Container(211).ListItem.Property(widgetSortby.2),title)">$LOCALIZE[369]</value>
		<value condition="String.IsEqual(Container(211).ListItem.Property(widgetSortby.2),name)">$LOCALIZE[551]</value>
		<value condition="String.IsEqual(Container(211).ListItem.Property(widgetSortby.2),playlistorder)">$LOCALIZE[559]</value>
		<value condition="String.IsEqual(Container(211).ListItem.Property(widgetSortby.2),tvshowtitle)">$LOCALIZE[36902]</value>
		<value condition="String.IsEqual(Container(211).ListItem.Property(widgetSortby.2),episodenumber)">$LOCALIZE[20359]</value>
		<value condition="String.IsEqual(Container(211).ListItem.Property(widgetSortby.2),date)">$LOCALIZE[552]</value>
		<value condition="String.IsEqual(Container(211).ListItem.Property(widgetSortby.2),artist)">$LOCALIZE[557]</value>
		<value condition="String.IsEqual(Container(211).ListItem.Property(widgetSortby.2),album)">$LOCALIZE[558]</value>
		<value condition="String.IsEqual(Container(211).ListItem.Property(widgetSortby.2),tracknumber)">$LOCALIZE[554]</value>
		<value condition="String.IsEqual(Container(211).ListItem.Property(widgetSortby.2),channelnumber)">$LOCALIZE[19029]</value>
		<value condition="String.IsEqual(Container(211).ListItem.Property(widgetSortby.2),year)">$LOCALIZE[345]</value>
		<value condition="String.IsEqual(Container(211).ListItem.Property(widgetSortby.2),dateadded)">$LOCALIZE[570]</value>
		<value condition="String.IsEqual(Container(211).ListItem.Property(widgetSortby.2),random)">$LOCALIZE[590]</value>
		<value condition="String.IsEqual(Container(211).ListItem.Property(widgetSortby.2),lastused)">$LOCALIZE[12012]</value>
		<value condition="String.IsEqual(Container(211).ListItem.Property(widgetSortby.2),lastupdated)">$LOCALIZE[12014]</value>
		<value condition="String.IsEqual(Container(211).ListItem.Property(widgetSortby.2),playcount)">$LOCALIZE[567]</value>
		<value condition="String.IsEqual(Container(211).ListItem.Property(widgetSortby.2),year)">$LOCALIZE[562]</value>
		<value condition="String.IsEqual(Container(211).ListItem.Property(widgetSortby.2),season)">$LOCALIZE[20373]</value>
		<value>$LOCALIZE[571]</value>
	</variable>
	<variable name="WidgetSortLabelVar">
		<value condition="String.IsEqual(Container(211).ListItem.Property(widgetSort),ascending)">$LOCALIZE[584]</value>
		<value condition="String.IsEqual(Container(211).ListItem.Property(widgetSort),descending)">$LOCALIZE[585]</value>
		<value>$LOCALIZE[571]</value>
	</variable>
	<variable name="WidgetSort2LabelVar">
		<value condition="String.IsEqual(Container(211).ListItem.Property(widgetSort.2),ascending)">$LOCALIZE[584]</value>
		<value condition="String.IsEqual(Container(211).ListItem.Property(widgetSort.2),descending)">$LOCALIZE[585]</value>
		<value>$LOCALIZE[571]</value>
	</variable>
	<variable name="WidgetBackgroundLabelVar">
		<value condition="String.IsEqual(Container(211).ListItem.Property(widgetBack),Flat)">$LOCALIZE[31723]</value>
		<value condition="String.IsEqual(Container(211).ListItem.Property(widgetBack),Clear)">$LOCALIZE[31542]</value>
		<value condition="String.IsEqual(Container(211).ListItem.Property(widgetBack),Clear White)">$LOCALIZE[31724]</value>
		<value condition="String.IsEqual(Container(211).ListItem.Property(widgetBack),Colored Default)">$LOCALIZE[31725]</value>
		<value condition="String.IsEqual(Container(211).ListItem.Property(widgetBack),Colored Flat)">$LOCALIZE[31726]</value>
		<value condition="String.IsEqual(Container(211).ListItem.Property(widgetBack),Colored Clear)">$LOCALIZE[31727]</value>
		<value condition="String.IsEqual(Container(211).ListItem.Property(widgetBack),Colored Clear White)">$LOCALIZE[31728]</value>
		<value condition="String.IsEqual(Container(211).ListItem.Property(widgetBack),None)">$LOCALIZE[231]</value>
		<value>$LOCALIZE[571]</value>
	</variable>
	<variable name="WidgetBackground2LabelVar">
		<value condition="String.IsEqual(Container(211).ListItem.Property(widgetBack.2),Flat)">$LOCALIZE[31723]</value>
		<value condition="String.IsEqual(Container(211).ListItem.Property(widgetBack.2),Clear)">$LOCALIZE[31542]</value>
		<value condition="String.IsEqual(Container(211).ListItem.Property(widgetBack.2),Clear White)">$LOCALIZE[31724]</value>
		<value condition="String.IsEqual(Container(211).ListItem.Property(widgetBack.2),Colored Default)">$LOCALIZE[31725]</value>
		<value condition="String.IsEqual(Container(211).ListItem.Property(widgetBack.2),Colored Flat)">$LOCALIZE[31726]</value>
		<value condition="String.IsEqual(Container(211).ListItem.Property(widgetBack.2),Colored Clear)">$LOCALIZE[31727]</value>
		<value condition="String.IsEqual(Container(211).ListItem.Property(widgetBack.2),Colored Clear White)">$LOCALIZE[31728]</value>
		<value condition="String.IsEqual(Container(211).ListItem.Property(widgetBack.2),None)">$LOCALIZE[231]</value>
		<value>$LOCALIZE[571]</value>
	</variable>
	<variable name="WidgetTitleLabelVar">
		<value condition="String.IsEqual(Container(211).ListItem.Property(widgetTitle),Panel)">$LOCALIZE[31729]</value>
		<value condition="String.IsEqual(Container(211).ListItem.Property(widgetTitle),On Focus)">$LOCALIZE[31730]</value>
		<value condition="String.IsEqual(Container(211).ListItem.Property(widgetTitle),Title)">$LOCALIZE[31731]</value>
		<value>$LOCALIZE[231]</value>
	</variable>
	<variable name="WidgetTitle2LabelVar">
		<value condition="String.IsEqual(Container(211).ListItem.Property(widgetTitle.2),Panel)">$LOCALIZE[31729]</value>
		<value condition="String.IsEqual(Container(211).ListItem.Property(widgetTitle.2),On Focus)">$LOCALIZE[31730]</value>
		<value condition="String.IsEqual(Container(211).ListItem.Property(widgetTitle.2),Title)">$LOCALIZE[31731]</value>
		<value>$LOCALIZE[231]</value>
	</variable>
	<variable name="WidgetListLabelVar">
		<value condition="String.IsEqual(Container(211).ListItem.Property(widgetList),Label)">$LOCALIZE[21899]</value>
		<value condition="String.IsEqual(Container(211).ListItem.Property(widgetList),Banner Art)">$LOCALIZE[31087]</value>
		<value>$LOCALIZE[21899]</value>
	</variable>
	<variable name="WidgetList2LabelVar">
		<value condition="String.IsEqual(Container(211).ListItem.Property(widgetList.2),Label)">$LOCALIZE[21899]</value>
		<value condition="String.IsEqual(Container(211).ListItem.Property(widgetList.2),Banner Art)">$LOCALIZE[31087]</value>
		<value>$LOCALIZE[21899]</value>
	</variable>
	<variable name="WidgetPanelInfoVar">
		<value condition="String.IsEqual(Container(211).ListItem.Property(widgetPanelInfo),Enabled)">$LOCALIZE[305]</value>
		<value>$LOCALIZE[231]</value>
	</variable>
	<variable name="WidgetPanelInfo2Var">
		<value condition="String.IsEqual(Container(211).ListItem.Property(widgetPanelInfo.2),Enabled)">$LOCALIZE[305]</value>
		<value>$LOCALIZE[231]</value>
	</variable>
	<!-- Widgets Global Settings-->
	<variable name="WidgetBackLabelVar">
		<value condition="String.IsEqual(Skin.String(Widget.Back),Flat)">$LOCALIZE[31723]</value>
		<value condition="String.IsEqual(Skin.String(Widget.Back),Clear)">$LOCALIZE[31542]</value>
		<value condition="String.IsEqual(Skin.String(Widget.Back),Clear White)">$LOCALIZE[31724]</value>
		<value condition="String.IsEqual(Skin.String(Widget.Back),Colored Default)">$LOCALIZE[31725]</value>
		<value condition="String.IsEqual(Skin.String(Widget.Back),Colored Flat)">$LOCALIZE[31726]</value>
		<value condition="String.IsEqual(Skin.String(Widget.Back),Colored Clear)">$LOCALIZE[31727]</value>
		<value condition="String.IsEqual(Skin.String(Widget.Back),Colored Clear White)">$LOCALIZE[31728]</value>
		<value condition="String.IsEqual(Skin.String(Widget.Back),None)">$LOCALIZE[231]</value>
		<value>$LOCALIZE[571]</value>
	</variable>
	<variable name="HomeWidgetBackgroundVar">
		<value condition="String.IsEqual(Skin.String(Widget.Back),Flat)">homewidgets/bg_flat.png</value>
		<value condition="String.IsEqual(Skin.String(Widget.Back),Clear)">homewidgets/bg_clear.png</value>
		<value condition="String.IsEqual(Skin.String(Widget.Back),Clear White)">homewidgets/bg_clearwhite.png</value>
		<value condition="String.IsEqual(Skin.String(Widget.Back),Colored Default)">homewidgets/bg_default.png</value>
		<value condition="String.IsEqual(Skin.String(Widget.Back),Colored Flat)">homewidgets/bg_flat.png</value>
		<value condition="String.IsEqual(Skin.String(Widget.Back),Colored Clear)">homewidgets/bg_clear.png</value>
		<value condition="String.IsEqual(Skin.String(Widget.Back),Colored Clear White)">homewidgets/bg_clearwhite.png</value>
		<value condition="String.IsEqual(Skin.String(Widget.Back),None)" />
		<value>homewidgets/bg_default.png</value>
	</variable>
	<variable name="WidgetCaseInfoVar">
		<value condition="String.IsEqual(Skin.String(Widget.CaseInfo),Glass)">$LOCALIZE[31721]</value>
		<value condition="String.IsEqual(Skin.String(Widget.CaseInfo),Case)">$LOCALIZE[31707]</value>
		<value condition="String.IsEqual(Skin.String(Widget.CaseInfo),Clear Case)">$LOCALIZE[31722]</value>
		<value condition="String.IsEqual(Skin.String(Widget.CaseInfo),Match widget panel)">$LOCALIZE[31746]</value>
		<value>$LOCALIZE[231]</value>
	</variable>
	<variable name="WidgetTransLabelVar">
		<value condition="!String.IsEmpty(Skin.String(Widget.Trans))">$INFO[Skin.String(Widget.Trans)]</value>
		<value>100</value>
	</variable>
	<variable name="HomeWidgetBackColor">
		<value condition="String.IsEqual(Skin.String(Widget.Back),Clear White)">FFFFFFFF</value>
		<value condition="String.Contains(Skin.String(Widget.Back),Colored)">$VAR[WidgetBackgroundColor]</value>
	</variable>
	<variable name="HomeWidgetCaseVar">
		<value condition="String.IsEqual(Container(9000).ListItem.Property(WidgetType),tvshows)">tvseries.png</value>
		<value condition="Container.ListItem.IsCollection">set.png</value>
		<value condition="Container.ListItem.IsStereoscopic">3d.png</value>
		<value condition="String.Contains(Container.ListItem.Filename,hddvd)">hddvd.png</value>
		<value condition="String.Contains(Container.ListItem.Filename,hdtv) | String.Contains(Container.ListItem.Filename,hd tv)">hdtv.png</value>
		<value condition="String.Contains(Container.ListItem.Filename,webdl) | String.Contains(Container.ListItem.Filename,web-dl) | String.Contains(Container.ListItem.Filename,webtv) | String.Contains(Container.ListItem.Filename,web-tv)">webdl.png</value>
		<value condition="!String.IsEmpty(Container.ListItem.VideoResolution)">$INFO[Container.ListItem.VideoResolution]p.png</value>
		<value condition="!String.IsEmpty(Container.ListItem.Property(VideoResolution))">$INFO[Container.ListItem.Property(VideoResolution)]p.png</value>
		<value condition="String.IsEmpty(Container.ListItem.Property(VideoResolution)) + String.IsEmpty(Container.ListItem.TVShowTitle) + [!String.IsEmpty(Container.ListItem.Trailer) | String.Contains(Container.ListItem.FolderPath,extendedinfo)]">trailers.png</value>
		<value />
	</variable>
	<!-- Widget Artwork -->
	<variable name="HomeWidgetPosterVar">
		<value condition="!String.IsEmpty(Container.ListItem.Art(poster))">$INFO[Container.ListItem.Art(poster)]</value>
		<value condition="!String.IsEmpty(Container.ListItem.Art(tvshow.poster))">$INFO[Container.ListItem.Art(tvshow.poster)]</value>
		<value condition="!String.IsEmpty(Container.ListItem.Icon)">$INFO[Container.ListItem.Icon]</value>
		<value>$INFO[Container.ListItem.Art(thumb)]</value>
	</variable>
	<variable name="HomeWidgetFanArtVar">
		<value condition="!String.IsEmpty(ListItem.Art(fanart))">$INFO[ListItem.Art(fanart)]</value>
		<value condition="!String.IsEmpty(ListItem.Property(Fanart)) + !Skin.HasSetting(weatherfanart.multi)">$INFO[ListItem.Property(Fanart)]</value>
		<value condition="!String.IsEmpty(ListItem.Property(WeatherMultiFanart)) + Skin.HasSetting(weatherfanart.multi)">$INFO[ListItem.Property(WeatherMultiFanart)]</value>
		<value condition="!String.IsEmpty(ListItem.Property(Fanart))">$INFO[ListItem.Property(Fanart)]</value>
		<value>$INFO[ListItem.Art(thumb)]</value>
	</variable>
	<variable name="HomeWidgetLandscapeVar">
		<value condition="!String.IsEmpty(ListItem.Art(landscape))">$INFO[ListItem.Art(landscape)]</value>
		<value condition="!String.IsEmpty(ListItem.Art(tvshow.landscape))">$INFO[ListItem.Art(tvshow.landscape)]</value>
		<value condition="!String.IsEmpty(ListItem.Art(fanart))">$INFO[ListItem.Art(fanart)]</value>
		<value>$INFO[ListItem.Art(thumb)]</value>
	</variable>
	<variable name="HomeWidgetClearArtVar">
		<value condition="!String.IsEmpty(ListItem.Art(clearart))">$INFO[ListItem.Art(clearart)]</value>
		<value condition="!String.IsEmpty(ListItem.Art(tvshow.clearart))">$INFO[ListItem.Art(tvshow.clearart)]</value>
		<value condition="!String.IsEmpty(ListItem.Art(tvshow.clearlogo))">$INFO[ListItem.Art(tvshow.clearlogo)]</value>
		<value>$INFO[ListItem.Art(clearlogo)]</value>
	</variable>
	<variable name="HomeWidgetClearLogoVar">
		<value condition="!String.IsEmpty(ListItem.Art(clearlogo))">$INFO[ListItem.Art(clearlogo)]</value>
		<value condition="!String.IsEmpty(ListItem.Art(tvshow.clearlogo))">$INFO[ListItem.Art(tvshow.clearlogo)]</value>
	</variable>
	<variable name="HomeWidgetThumbVar">
		<value condition="!String.IsEmpty(ListItem.Art(thumb))">$INFO[ListItem.Art(thumb)]</value>
		<value>$INFO[ListItem.Art(fanart)]</value>
	</variable>
	<variable name="HomeWidgetFakeDiscArtVar">
		<value condition="String.IsEqual(Container(9000).ListItem.Property(WidgetType),tvshows)">discart/tvseries.png</value>
		<value condition="Container.ListItem.IsCollection">discart/set.png</value>
		<value condition="Container.ListItem.IsStereoscopic">discart/3d.png</value>
		<value condition="String.Contains(Container.ListItem.Filename,hddvd)">discart/hddvd.png</value>
		<value condition="String.Contains(Container.ListItem.Filename,hdtv) | String.Contains(Container.ListItem.Filename,hd tv)">discart/hdtv.png</value>
		<value condition="String.Contains(Container.ListItem.Filename,webdl) | String.Contains(Container.ListItem.Filename,web-dl) | String.Contains(Container.ListItem.Filename,webtv) | String.Contains(Container.ListItem.Filename,web-tv)">discart/webdl.png</value>
		<value condition="!String.IsEmpty(Container.ListItem.VideoResolution)">discart/$INFO[Container.ListItem.VideoResolution]p.png</value>
		<value condition="!String.IsEmpty(Container.ListItem.Property(VideoResolution))">discart/$INFO[Container.ListItem.Property(VideoResolution)]p.png</value>
		<value condition="String.IsEmpty(Container.ListItem.Property(VideoResolution)) + String.IsEmpty(Container.ListItem.TVShowTitle) + [!String.IsEmpty(Container.ListItem.Trailer) | String.Contains(Container.ListItem.FolderPath,extendedinfo)]">discart/trailers.png</value>
		<value />
	</variable>
	<variable name="HomeWidgetCharacterArtVar">
		<value condition="!String.IsEmpty(ListItem.Art(tvshow.characterart))">$INFO[ListItem.Art(tvshow.characterart)]</value>
		<value condition="!String.IsEmpty(ListItem.Art(tvshow.clearart))">$INFO[ListItem.Art(tvshow.clearart)]</value>
		<value>$INFO[ListItem.Art(tvshow.clearlogo)]</value>
	</variable>
	<variable name="HomeWidgetBannerVar">
		<value condition="!String.IsEmpty(ListItem.Art(tvshow.banner))">$INFO[ListItem.Art(tvshow.banner)]</value>
		<value>$INFO[ListItem.Art(banner)]</value>
	</variable>
	<!-- Widget Labels -->
	<variable name="HomeWidgetTitleVar">
		<value condition="!String.IsEmpty(ListItem.AddonName)">$INFO[ListItem.AddonName]</value>
		<value condition="!String.IsEmpty(ListItem.Property(Label3)) + !String.IsEmpty(ListItem.Property(WeatherMultiFanart))">$INFO[ListItem.Label] $INFO[ListItem.Label2] $INFO[ListItem.Property(Label3)]$INFO[ListItem.Property(Label4), ]</value>
		<value condition="!String.IsEmpty(ListItem.Property(Label3)) + !String.IsEmpty(ListItem.Property(isSystemInfo))">$INFO[ListItem.Label2]  $INFO[ListItem.Property(Label3)]</value>
		<value condition="[!Integer.IsGreater(ListItem.Season,9) + !Integer.IsGreater(ListItem.Episode,9)] + !String.StartsWith(ListItem.Episode,S) + !String.IsEmpty(ListItem.Episode) + !String.IsEqual(ListItem.Label,ListItem.TVShowTitle)">$INFO[ListItem.Season,S0]$INFO[ListItem.Episode,E0] $INFO[ListItem.Title]</value>
		<value condition="[!Integer.IsGreater(ListItem.Season,9) + !Integer.IsGreater(ListItem.Episode,9)] + String.StartsWith(ListItem.Episode,S) + !String.IsEmpty(ListItem.Episode) + !String.IsEqual(ListItem.Label,ListItem.TVShowTitle)">$INFO[ListItem.Season,S0]$INFO[ListItem.Episode] $INFO[ListItem.Title]</value>
		<value condition="[!Integer.IsGreater(ListItem.Season,9) + Integer.IsGreater(ListItem.Episode,9)] + !String.IsEmpty(ListItem.Episode) + !String.IsEqual(ListItem.Label,ListItem.TVShowTitle)">$INFO[ListItem.Season,S0]$INFO[ListItem.Episode,E] $INFO[ListItem.Title]</value>
		<value condition="[Integer.IsGreater(ListItem.Season,9) + !Integer.IsGreater(ListItem.Episode,9)] + !String.IsEmpty(ListItem.Episode) + !String.IsEqual(ListItem.Label,ListItem.TVShowTitle)">$INFO[ListItem.Season,S]$INFO[ListItem.Episode,E0] $INFO[ListItem.Title]</value>
		<value condition="[Integer.IsGreater(ListItem.Season,9) + Integer.IsGreater(ListItem.Episode,9)] + !String.IsEmpty(ListItem.Episode) + !String.IsEqual(ListItem.Label,ListItem.TVShowTitle)">$INFO[ListItem.Season,S]$INFO[ListItem.Episode,E] $INFO[ListItem.Title]</value>
		<value condition="!String.IsEmpty(ListItem.Property(NextDay))">$INFO[ListItem.Label]$INFO[ListItem.Property(NextDay), - ]$INFO[ListItem.Property(NextNumber), - ]</value>
		<value>$INFO[ListItem.Label]</value>
	</variable>
	<variable name="HomeWidgetTitle2Var">
		<value condition="!String.IsEmpty(Container.ListItem.TVShowTitle)">$INFO[Container.ListItem.TVShowTitle]</value>
		<value condition="!String.IsEmpty(Container.ListItem.Artist)">$INFO[Container.ListItem.Artist]</value>
		<value condition="!String.IsEmpty(Container.ListItem.AlbumArtist)">$INFO[Container.ListItem.AlbumArtist]</value>
		<value>$INFO[Container.ListItem.Label]</value>
	</variable>
	<!-- Widget Info -->
	<variable name="HomeWidgetInfoCaseVar">
		<value condition="String.IsEqual(Skin.String(Widget.CaseInfo),Glass) + String.IsEmpty(Container.ListItem.Property(Label3)) + String.IsEmpty(Container.ListItem.ChannelName) + String.IsEmpty(Container.ListItem.Artist) + String.IsEmpty(Container.ListItem.AlbumArtist) + String.IsEmpty(Container.ListItem.AddonName)">homewidgets/cases/glass/portrait.png</value>
		<value condition="String.IsEqual(Skin.String(Widget.CaseInfo),Glass)">homewidgets/cases/glass/square.png</value>
		<value condition="String.IsEqual(Skin.String(Widget.CaseInfo),Case) + String.IsEmpty(Container.ListItem.Property(Label3)) + String.IsEmpty(Container.ListItem.ChannelName) + String.IsEmpty(Container.ListItem.Artist) + String.IsEmpty(Container.ListItem.AlbumArtist) + String.IsEmpty(Container.ListItem.AddonName)">homewidgets/cases/default/infoposter/$VAR[HomeWidgetCaseVar]</value>
		<value condition="String.IsEqual(Skin.String(Widget.CaseInfo),Case)">homewidgets/cases/default/square/cd.png</value>
		<value condition="String.IsEqual(Skin.String(Widget.CaseInfo),Clear Case) + String.IsEmpty(Container.ListItem.Property(Label3)) + String.IsEmpty(Container.ListItem.ChannelName) + String.IsEmpty(Container.ListItem.Artist) + String.IsEmpty(Container.ListItem.AlbumArtist) + String.IsEmpty(Container.ListItem.AddonName)">homewidgets/cases/clearcase/poster/$VAR[HomeWidgetCaseVar]</value>
		<value condition="String.IsEqual(Skin.String(Widget.CaseInfo),Clear Case)">homewidgets/cases/clearcase/square/cd.png</value>
		<value condition="String.IsEqual(Skin.String(Widget.CaseInfo),Match widget panel) + String.IsEqual(Container(9000).ListItem.Property(widgetCase),Glass) + String.IsEmpty(Container.ListItem.Property(Label3)) + String.IsEmpty(Container.ListItem.ChannelName) + String.IsEmpty(Container.ListItem.Artist) + String.IsEmpty(Container.ListItem.AlbumArtist) + String.IsEmpty(Container.ListItem.AddonName)">homewidgets/cases/glass/portrait.png</value>
		<value condition="String.IsEqual(Skin.String(Widget.CaseInfo),Match widget panel) + String.IsEqual(Container(9000).ListItem.Property(widgetCase),Glass)">homewidgets/cases/glass/square.png</value>
		<value condition="String.IsEqual(Skin.String(Widget.CaseInfo),Match widget panel) + String.IsEqual(Container(9000).ListItem.Property(widgetCase),Case) + String.IsEmpty(Container.ListItem.Property(Label3)) + String.IsEmpty(Container.ListItem.ChannelName) + String.IsEmpty(Container.ListItem.Artist) + String.IsEmpty(Container.ListItem.AlbumArtist) + String.IsEmpty(Container.ListItem.AddonName)">homewidgets/cases/default/infoposter/$VAR[HomeWidgetCaseVar]</value>
		<value condition="String.IsEqual(Skin.String(Widget.CaseInfo),Match widget panel) + String.IsEqual(Container(9000).ListItem.Property(widgetCase),Case)">homewidgets/cases/default/square/cd.png</value>
		<value condition="String.IsEqual(Skin.String(Widget.CaseInfo),Match widget panel) + String.IsEqual(Container(9000).ListItem.Property(widgetCase),Clear Case) + String.IsEmpty(Container.ListItem.Property(Label3)) + String.IsEmpty(Container.ListItem.ChannelName) + String.IsEmpty(Container.ListItem.Artist) + String.IsEmpty(Container.ListItem.AlbumArtist) + String.IsEmpty(Container.ListItem.AddonName)">homewidgets/cases/clearcase/poster/$VAR[HomeWidgetCaseVar]</value>
		<value condition="String.IsEqual(Skin.String(Widget.CaseInfo),Match widget panel) + String.IsEqual(Container(9000).ListItem.Property(widgetCase),Clear Case)">homewidgets/cases/clearcase/square/cd.png</value>
		<value />
	</variable>
	<variable name="HomeWidgetInfoTitleVar">
		<value condition="!String.IsEmpty(Container.ListItem.AddonName)">$INFO[Container.ListItem.AddonName]</value>
		<value condition="[!Integer.IsGreater(ListItem.Season,9) + !Integer.IsGreater(ListItem.Episode,9)] + !String.StartsWith(ListItem.Episode,S) + !String.IsEmpty(Container.ListItem.Episode) + !String.IsEqual(ListItem.Label,ListItem.TVShowTitle)">$INFO[Container.ListItem.Season,S0]$INFO[Container.ListItem.Episode,E0] $INFO[Container.ListItem.Title]</value>
		<value condition="[!Integer.IsGreater(ListItem.Season,9) + !Integer.IsGreater(ListItem.Episode,9)] + String.StartsWith(ListItem.Episode,S) + !String.IsEmpty(Container.ListItem.Episode) + !String.IsEqual(ListItem.Label,ListItem.TVShowTitle)">$INFO[Container.ListItem.Season,S0]$INFO[Container.ListItem.Episode] $INFO[Container.ListItem.Title]</value>
		<value condition="[!Integer.IsGreater(ListItem.Season,9) + Integer.IsGreater(ListItem.Episode,9)] + !String.IsEmpty(Container.ListItem.Episode) + !String.IsEqual(ListItem.Label,ListItem.TVShowTitle)">$INFO[Container.ListItem.Season,S0]$INFO[Container.ListItem.Episode,E] $INFO[Container.ListItem.Title]</value>
		<value condition="[Integer.IsGreater(ListItem.Season,9) + !Integer.IsGreater(ListItem.Episode,9)] + !String.IsEmpty(Container.ListItem.Episode) + !String.IsEqual(ListItem.Label,ListItem.TVShowTitle)">$INFO[Container.ListItem.Season,S]$INFO[Container.ListItem.Episode,E0] $INFO[Container.ListItem.Title]</value>
		<value condition="[Integer.IsGreater(ListItem.Season,9) + Integer.IsGreater(ListItem.Episode,9)] + !String.IsEmpty(Container.ListItem.Episode) + !String.IsEqual(ListItem.Label,ListItem.TVShowTitle)">$INFO[Container.ListItem.Season,S]$INFO[Container.ListItem.Episode,E] $INFO[Container.ListItem.Title]</value>
		<value>$INFO[Container.ListItem.Label]</value>
	</variable>
	<variable name="HomeWidgetInfoSubTitleVar">
		<value condition="!String.IsEmpty(Container.ListItem.AddonSummary)">$INFO[Container.ListItem.AddonSummary]</value>
		<value condition="!String.IsEmpty(Container.ListItem.Property(Label3))">$INFO[Container.ListItem.Label2]</value>
		<value condition="!String.IsEmpty(Container.ListItem.Property(UnWatchedEpisodes))">$INFO[Container.ListItem.Property(UnWatchedEpisodes),, $LOCALIZE[16101]]</value>
		<value condition="!String.IsEmpty(Container.ListItem.Tagline)">$INFO[Container.ListItem.Tagline]</value>
		<value condition="!String.IsEmpty(Container.ListItem.TVShowTitle) + !String.IsEqual(Container.ListItem.Label,Container.ListItem.TVShowTitle)">$INFO[Container.ListItem.TVShowTitle]</value>
		<value condition="!String.IsEmpty(Container.ListItem.Property(Artist_Mood))">$INFO[Container.ListItem.Property(Artist_Mood)]</value>
		<value condition="!String.IsEmpty(Container.ListItem.Artist) + !String.IsEqual(Container.ListItem.Label,Container.ListItem.Artist)">$INFO[Container.ListItem.Artist]</value>
		<value condition="!String.IsEmpty(Container.ListItem.AlbumArtist) + !String.IsEqual(Container.ListItem.Label,Container.ListItem.AlbumArtist)">$INFO[Container.ListItem.AlbumArtist]</value>
		<value condition="!String.IsEmpty(Container.ListItem.Title) + !String.IsEqual(Container.ListItem.Title,Container.ListItem.Label)">$INFO[Container.ListItem.Title]</value>
		<value condition="!String.IsEmpty(Container.ListItem.Label2)">$INFO[Container.ListItem.Label2]</value>
		<value condition="!String.IsEmpty(Window(Home).Property(SkinInfo.Set.Movies.Count))">$INFO[Window(Home).Property(SkinInfo.Set.Movies.Count),, $LOCALIZE[342]]</value>
		<value />
	</variable>
	<variable name="HomeWidgetInfo1Var">
		<value condition="!String.IsEmpty(Container.ListItem.AddonName)">$INFO[Container.ListItem.AddonCreator,$LOCALIZE[31001] ]</value>
		<value condition="!String.IsEmpty(Container.ListItem.Property(Label3))">$INFO[Container.ListItem.Property(Label3)]</value>
		<value condition="!String.IsEmpty(Container.ListItem.album)">$INFO[Container.ListItem.Album]</value>
		<value condition="[!String.IsEmpty(Container.ListItem.Property(Album_Mood)) | !String.IsEmpty(Container.ListItem.Property(Album_Style)) | !String.IsEmpty(Container.ListItem.Property(Artist_Style))]">$INFO[Container.ListItem.Property(Album_Mood),,  •  ]$INFO[Container.ListItem.Property(Album_Style)]$INFO[Container.ListItem.Property(Artist_Style),  •  ]</value>
		<value condition="!String.IsEmpty(Container.ListItem.StartDate) + !String.IsEqual(Container.ListItem.StartDate,System.Date) + String.IsEqual(Container(9000).ListItem.Property(WidgetType),pvr)">$INFO[Container.ListItem.StartDate,, ]$INFO[Container.ListItem.StartTime,@ , ]$INFO[Container.ListItem.RatingAndVotes, •  $LOCALIZE[563]: , ]$INFO[Container.ListItem.Duration, •  $LOCALIZE[2050]: ]</value>
		<value condition="!String.IsEmpty(Container.ListItem.StartTime) + String.IsEqual(Container(9000).ListItem.Property(WidgetType),pvr)">$INFO[Container.ListItem.StartTime,$LOCALIZE[31012]: ]$INFO[Container.ListItem.EndTime, - ]$INFO[Container.ListItem.RatingAndVotes, •  $LOCALIZE[563]: , ]$INFO[Container.ListItem.Duration, •  $LOCALIZE[2050]: ]</value>
		<value condition="!String.IsEmpty(Container.ListItem.Premiered)">$INFO[Container.ListItem.Premiered]$INFO[Container.ListItem.RatingAndVotes,  •  $LOCALIZE[563]: ]$INFO[Container.ListItem.Duration,  •  $LOCALIZE[2050]: ]</value>
		<value condition="!String.IsEmpty(Container.ListItem.RatingAndVotes) + !String.IsEmpty(Container.ListItem.Property(Runtime))">$INFO[Container.ListItem.RatingAndVotes,$LOCALIZE[563]: ]$INFO[Container.ListItem.Property(Runtime),  •  $LOCALIZE[2050]: ]</value>
		<value condition="!String.IsEmpty(Container.ListItem.RatingAndVotes) + !String.IsEmpty(Container.ListItem.Duration)">$INFO[Container.ListItem.RatingAndVotes,$LOCALIZE[563]: ]$INFO[Container.ListItem.Duration,  •  $LOCALIZE[2050]: ]</value>
		<value condition="ListItem.IsCollection | String.IsEqual(ListItem.DBTYPE,set)">$INFO[ListItem.Rating,$LOCALIZE[563]: ]$INFO[Window(Home).Property(SkinInfo.Set.Movies.Runtime),  •  $LOCALIZE[2050]: , $LOCALIZE[12391]]</value>
		<value>$INFO[Container.ListItem.Duration,, $LOCALIZE[2050]]</value>
	</variable>
	<variable name="HomeWidgetInfo2Var">
		<value condition="!String.IsEmpty(Container.ListItem.AddonType)">$INFO[Container.ListItem.AddonType]</value>
		<value condition="!String.IsEmpty(Container.ListItem.Property(Label4))">$INFO[Container.ListItem.Property(Label4)]</value>
		<value condition="!String.IsEmpty(Container.ListItem.Property(isSystemInfo))">[UPPERCASE]$LOCALIZE[13283][/UPPERCASE]$INFO[System.OSVersionInfo, ]</value>
		<value condition="!String.IsEmpty(Container.ListItem.Property(Artist_Genre))">$INFO[Container.ListItem.Property(Artist_Genre)]</value>
		<value condition="!String.IsEmpty(Container.ListItem.Genre)">$INFO[Container.ListItem.Genre]</value>
		<value condition="!String.IsEmpty(Window(Home).Property(SkinInfo.Set.Movies.Genre))">$INFO[Window(Home).Property(SkinInfo.Set.Movies.Genre)]</value>
	</variable>
	<variable name="HomeWidgetInfoPlotVar">
		<value condition="!String.IsEmpty(Container.ListItem.Property(Label5))">$INFO[Container.ListItem.Property(Label5)]</value>
		<value condition="!String.IsEmpty(Container.ListItem.AddonName)">$INFO[Container.ListItem.AddonDescription]</value>
		<value condition="!String.IsEmpty(Container.ListItem.Property(isSystemInfo))">$LOCALIZE[482]: $INFO[System.BuildVersion][CR][UPPERCASE]$LOCALIZE[13287][/UPPERCASE] $INFO[System.ScreenResolution][CR][UPPERCASE]$LOCALIZE[150]:[/UPPERCASE] $INFO[Network.IPAddress]</value>
		<value condition="!String.IsEmpty(Container.ListItem.Property(Label4))">[UPPERCASE]$LOCALIZE[33006][/UPPERCASE][CR]$INFO[Window(weather).Property(Current.Condition),,. ]$INFO[Window(weather).Property(Current.FeelsLike),$LOCALIZE[402] ]$INFO[System.TemperatureUnits,,. ]$INFO[Window(weather).Property(Current.Humidity),$LOCALIZE[406] ,. ]$INFO[Window(weather).Property(Current.Wind),$LOCALIZE[404] ,. ]$INFO[Window(weather).Property(Current.DewPoint),$LOCALIZE[405] ]$INFO[System.TemperatureUnits,,. ]$INFO[Window(weather).Property(Current.UVIndex),$LOCALIZE[403] ,. ]$INFO[Window(weather).Property(Today.Sunrise),$LOCALIZE[33027] ,. ]$INFO[Window(weather).Property(Today.Sunset),$LOCALIZE[33028] ,.]</value>
		<value condition="!String.IsEmpty(Container.ListItem.Property(Album_Description))">$INFO[Container.ListItem.Property(Album_Description)]</value>
		<value condition="!String.IsEmpty(Container.ListItem.Property(Artist_Description))">$INFO[Container.ListItem.Property(Artist_Description)]</value>
		<value condition="Skin.HasSetting(ViewInfoPlotToggle) + !String.IsEmpty(Container.ListItem.PlotOutline)">$INFO[Container.ListItem.PlotOutline]</value>
		<value>$INFO[Container.ListItem.Plot]</value>
	</variable>
</includes>