<?xml version="1.0" encoding="UTF-8"?>
<includes>
	<include name="View_504_Gallery">
		<control type="group">
			<include>ViewAnimation</include>
			<visible>Control.IsVisible(504)</visible>
			<control type="label">
				<left>398</left>
				<top>600</top>
				<label>[B]$INFO[ListItem.Label][/B]</label>
				<width>1125</width>
				<font>font16_title</font>
				<textcolor>white</textcolor>
				<shadowcolor>shadow</shadowcolor>
				<visible>!Window.IsActive(pictures)</visible>
			</control>
			<control type="label">
				<left>397.5</left>
				<top>600</top>
				<align>center</align>
				<label>[B]$INFO[ListItem.Label][/B]</label>
				<width>1125</width>
				<font>font16_title</font>
				<textcolor>white</textcolor>
				<shadowcolor>shadow</shadowcolor>
				<visible>Window.IsActive(pictures)</visible>
			</control>
			<control type="image">
				<left>1459</left>
				<top>826</top>
				<width>68</width>
				<height>30</height>
				<aspectratio>keep</aspectratio>
				<texture colordiffuse="white">$VAR[UnFocusHDIndicator]</texture>
				<visible>Container.Content(movies) + Skin.HasSetting(noindicatorgallery)</visible>
			</control>
			<control type="label">
				<left>398</left>
				<top>860</top>
				<width>1125</width>
				<height>30</height>
				<textcolor>white</textcolor>
				<shadowcolor>shadow</shadowcolor>
				<label>$VAR[FloorSubLabelVar]</label>
				<visible>!Container.Content(artists)</visible>
				<visible>!ListItem.IsCollection</visible>
			</control>
			<control type="label">
				<left>398</left>
				<top>892</top>
				<width>1125</width>
				<height>30</height>
				<textcolor>white</textcolor>
				<shadowcolor>shadow</shadowcolor>
				<label>$INFO[ListItem.Genre]</label>
			</control>
			<control type="label">
				<top>890</top>
				<left>398</left>
				<width>1220</width>
				<height>100</height>
				<textcolor>white</textcolor>
				<shadowcolor>shadow</shadowcolor>
				<label>$LOCALIZE[19031]: $INFO[Window(Home).Property(TMDbHelper.ListItem.Next_Aired),, • ]$INFO[Window(Home).Property(TMDbHelper.ListItem.Next_Aired.Season),S]$INFO[Window(Home).Property(TMDbHelper.ListItem.Next_Aired.Episode),E, - ]$INFO[Window(Home).Property(TMDbHelper.ListItem.Next_Aired.Name)]</label>
				<visible>[!String.IsEmpty(Window(Home).Property(TMDbHelper.ListItem.Next_Aired)) + !Control.HasFocus(61)] + !Skin.HasSetting(Disable.NextAired)</visible>
			</control>
			<control type="label">
				<top>890</top>
				<left>398</left>
				<width>1220</width>
				<height>100</height>
				<textcolor>white</textcolor>
				<shadowcolor>shadow</shadowcolor>
				<label>$INFO[Window(Home).Property(TMDbHelper.ListItem.Status)]</label>
				<visible>[String.IsEmpty(Window(Home).Property(TMDbHelper.ListItem.Next_Aired)) + !String.IsEmpty(Window(Home).Property(TMDbHelper.ListItem.Status)) + !Control.HasFocus(61)] + !Skin.HasSetting(Disable.NextAired)</visible>
			</control>
			<control type="label">
				<left>398</left>
				<top>860</top>
				<width>1125</width>
				<height>30</height>
				<textcolor>white</textcolor>
				<shadowcolor>shadow</shadowcolor>
				<label>$INFO[ListItem.Property(Artist_Genre)]</label>
				<visible>Container.Content(artists)</visible>
			</control>
		</control>
		<control type="group">
			<visible>Control.IsVisible(504)</visible>
			<include>ViewAnimation</include>
			<control type="fixedlist" id="504">
				<viewtype label="$LOCALIZE[31251]">info</viewtype>
				<left>-772</left>
				<top>150</top>
				<width>2850</width>
				<height>1200</height>
				<onleft>504</onleft>
				<onright>504</onright>
				<onup>SetProperty(MediaMenu,True,Home)</onup>
				<onup>SetFocus(9050)</onup>
				<ondown condition="Control.IsVisible(50461)">50461</ondown>
				<ondown condition="Control.IsVisible(615) + !Control.IsVisible(50461)">616</ondown>
				<ondown condition="!Control.IsVisible(615) + !Control.IsVisible(50461)">4400</ondown>
				<preloaditems>2</preloaditems>
				<focusposition>1</focusposition>
				<orientation>horizontal</orientation>
				<visible>[Container.Content(movies) | Container.Content(tvshows) | Window.IsActive(pictures) | Container.Content(artists) | Container.Content(sets)] + !Container.Content(addons)</visible>
				<itemlayout width="1125" height="663">
					<control type="group">
						<left>45</left>
						<top>15</top>
						<control type="image">
							<width>1125</width>
							<height>633</height>
							<texture background="true">background.png</texture>
							<colordiffuse>background</colordiffuse>
						</control>
						<control type="image">
							<visible>!Window.IsActive(pictures)</visible>
							<width>1125</width>
							<height>633</height>
							<texture fallback="special://skin/backgrounds/fallback_movies.jpg" background="true">$INFO[ListItem.Art(fanart)]</texture>
							<aspectratio align="center" aligny="center">scale</aspectratio>
							<colordiffuse>BAffffff</colordiffuse>
						</control>
						<control type="image">
							<visible>Window.IsActive(pictures)</visible>
							<width>1125</width>
							<height>633</height>
							<texture background="true">$INFO[ListItem.PicturePath]</texture>
							<aspectratio align="center" aligny="center">keep</aspectratio>
							<colordiffuse>BAffffff</colordiffuse>
						</control>
					</control>
				</itemlayout>
				<focusedlayout width="1125" height="633">
					<control type="group">
						<left>45</left>
						<top>15</top>
						<control type="image">
							<width>1125</width>
							<height>633</height>
							<texture background="true">background.png</texture>
							<colordiffuse>background</colordiffuse>
						</control>
						<control type="image">
							<visible>ListItem.IsFolder</visible>
							<width>1125</width>
							<height>633</height>
							<texture background="true">background.png</texture>
							<bordertexture colordiffuse="$VAR[ThemeLabelColor]" border="8">thumbs/thumbnail_focused.png</bordertexture>
							<bordersize>8</bordersize>
						</control>
						<control type="image">
							<visible>ListItem.IsFolder + !Container.Content(artists)</visible>
							<width>1125</width>
							<height>633</height>
							<aspectratio>keep</aspectratio>
							<texture background="true">$INFO[ListItem.Thumb]</texture>
						</control>
						<control type="image">
							<visible>!Window.IsActive(pictures)</visible>
							<width>1125</width>
							<height>633</height>
							<texture fallback="special://skin/backgrounds/fallback_movies.jpg" background="true">$INFO[ListItem.Art(fanart)]</texture>
							<aspectratio align="center" aligny="center">scale</aspectratio>
							<bordertexture colordiffuse="$VAR[ThemeLabelColor]" border="8">thumbs/thumbnail_focused.png</bordertexture>
							<bordersize>8</bordersize>
						</control>
						<control type="image">
							<visible>![Window.IsActive(pictures) | Container.Content(artists)]</visible>
							<left>1039</left>
							<top>8</top>
							<width>80</width>
							<height>80</height>
							<texture>$VAR[OverlayVar]</texture>
							<aspectratio align="center" aligny="top">keep</aspectratio>
						</control>
						<control type="image">
							<visible>![Window.IsActive(pictures) | Container.Content(artists)]</visible>
							<top>420</top>
							<width>1125</width>
							<height>168</height>
							<aspectratio align="center">keep</aspectratio>
							<texture background="true">$INFO[ListItem.Art(clearlogo)]</texture>
						</control>
						<control type="image">
							<visible>Window.IsActive(pictures)</visible>
							<width>1125</width>
							<height>633</height>
							<texture background="true">$INFO[ListItem.PicturePath]</texture>
							<aspectratio align="center" aligny="center">keep</aspectratio>
							<colordiffuse>BAffffff</colordiffuse>
							<bordertexture colordiffuse="$VAR[ThemeLabelColor]" border="8">thumbs/thumbnail_focused.png</bordertexture>
							<bordersize>8</bordersize>
						</control>
					</control>
				</focusedlayout>
			</control>
			<control type="textbox">
				<top>865</top>
				<left>400</left>
				<width>1070</width>
				<height>200</height>
				<label>$VAR[VideoPlotVar]</label>
				<font>font14_textbox</font>
				<autoscroll time="2500" delay="3500" repeat="5000">true</autoscroll>
				<textcolor>white</textcolor>
				<shadowcolor>shadow</shadowcolor>
				<pagecontrol>50461</pagecontrol>
				<visible>ListItem.IsCollection</visible>
			</control>
			<control type="scrollbar" id="50461">
				<left>1500</left>
				<top>875</top>
				<width>14</width>
				<height>200</height>
				<onup>50461</onup>
				<ondown>50461</ondown>
				<onleft>504</onleft>
				<onright>504</onright>
				<texturesliderbackground colordiffuse="1AFFFFFF">colors/white50.png</texturesliderbackground>
				<texturesliderbar colordiffuse="1AFFFFFF">colors/white.png</texturesliderbar>
				<texturesliderbarfocus colordiffuse="$VAR[ThemeLabelColor]">colors/white.png</texturesliderbarfocus>
				<showonepage>false</showonepage>
				<visible>ListItem.IsCollection</visible>
			</control>
		</control>
	</include>
</includes>